Rk,Player,Nation,Pos,Squad,90s,CrdY,CrdR,2CrdY,Fls,Fld,Off,Crs,TklW,Int,PKwon,PKcon,OG,Succ,Att,Succ%,Past_O,Megs,Tkl,Att,Tkl%,Past_D
1,Patrick van Aanholt\Patrick-van-Aanholt,nl NED,DF,Crystal Palace,35.5,3,0,0,12,14,11,42,32,42,0,0,0,27,43,62.8,28,1,46,73,63,27
2,Sergio Agüero\Sergio-Aguero,ar ARG,FW,Manchester City,27.6,4,0,0,22,25,26,14,14,8,0,0,0,29,55,52.7,32,5,17,23,73.9,6
3,Nathan Aké\Nathan-Ake,nl NED,DF,Bournemouth,37.9,3,0,0,28,21,2,6,37,32,1,1,0,3,6,50,3,0,60,78,76.9,18
4,Marc Albrighton\Marc-Albrighton,eng ENG,FWMF,Leicester City,18.1,3,0,0,10,20,2,125,23,22,0,0,0,22,45,48.9,24,3,37,68,54.4,31
5,Toby Alderweireld\Toby-Alderweireld,be BEL,DF,Tottenham,32.5,3,0,0,10,2,1,6,23,25,0,1,1,2,4,50,2,0,41,61,67.2,20
6,Trent Alexander-Arnold\Trent-Alexander-Arnold,eng ENG,DF,Liverpool,27.4,3,0,0,14,8,4,201,28,35,0,0,0,20,39,51.3,23,3,57,105,54.3,48
7,Alisson\Alisson,br BRA,GK,Liverpool,38,1,0,0,0,1,0,0,0,1,0,0,0,1,1,100,1,0,0,2,0,2
8,Dele Alli\Dele-Alli,eng ENG,MFFW,Tottenham,20.4,4,0,0,23,20,3,11,26,18,0,0,0,28,57,49.1,33,6,32,52,61.5,20
9,Miguel Almirón\Miguel-Almiron,py PAR,FWMF,Newcastle Utd,8.5,0,0,0,6,17,4,21,11,9,0,0,0,7,16,43.8,10,4,17,25,68,8
10,Marcos Alonso\Marcos-Alonso,es ESP,DF,Chelsea,30.7,6,0,0,28,37,2,98,38,38,2,1,0,22,36,61.1,25,0,67,102,65.7,35
11,Daniel Amartey\Daniel-Amartey,gh GHA,DF,Leicester City,7.1,2,0,0,6,1,1,3,8,15,0,1,0,1,3,33.3,2,0,16,23,69.6,7
12,Luke Amos\Luke-Amos,eng ENG,MF,Tottenham,0,0,0,0,0,0,0,0,1,0,0,0,0,0,0,,0,0,1,1,100,0
13,Felipe Anderson\Felipe-Anderson,br BRA,FWMF,West Ham,33.9,3,0,0,27,53,5,122,44,45,0,1,0,84,153,54.9,89,13,76,153,49.7,77
14,Florin Andone\Florin-Andone,ro ROU,FW,Brighton,9.7,5,0,0,28,20,4,5,9,5,0,0,0,13,32,40.6,16,3,11,21,52.4,10
15,Michail Antonio\Michail-Antonio,eng ENG,FWMF,West Ham,23.3,3,0,0,35,44,10,50,22,19,2,0,0,57,92,62,63,1,31,39,79.5,8
16,Stuart Armstrong\Stuart-Armstrong,sco SCO,MFFW,Southampton,15.9,2,0,0,19,21,3,26,14,12,0,1,0,18,28,64.3,18,1,32,71,45.1,39
17,Marko Arnautović\Marko-Arnautovic,at AUT,FW,West Ham,22.2,3,0,0,31,12,21,19,6,3,0,1,0,28,38,73.7,29,1,10,18,55.6,8
18,Kepa Arrizabalaga\Kepa-Arrizabalaga,es ESP,GK,Chelsea,36,2,0,0,0,4,0,0,0,0,0,0,0,1,1,100,1,0,0,1,0,1
19,Harry Arter\Harry-Arter,ie IRL,MF,Cardiff City,22.3,10,0,0,25,14,2,17,40,21,0,0,0,7,9,77.8,7,0,55,92,59.8,37
20,Christian Atsu\Christian-Atsu,gh GHA,MFFW,Newcastle Utd,16.5,2,0,0,14,25,4,42,16,8,0,0,0,31,59,52.5,33,2,27,46,58.7,19
21,Pierre-Emerick Aubameyang\Pierre-Emerick-Aubameyang,ga GAB,FW,Arsenal,30.4,0,0,0,13,23,23,45,12,9,1,0,0,29,56,51.8,32,0,21,51,41.2,30
22,Serge Aurier\Serge-Aurier,ci CIV,DFMF,Tottenham,6.3,1,0,0,17,2,1,23,12,8,0,0,0,8,15,53.3,10,0,22,29,75.9,7
23,Charlie Austin\Charlie-Austin,eng ENG,FW,Southampton,10.9,1,0,0,14,18,9,0,5,2,0,0,0,5,12,41.7,8,0,10,13,76.9,3
24,Jordan Ayew\Jordan-Ayew,gh GHA,FW,Crystal Palace,13.2,3,0,0,32,25,9,15,28,7,0,0,0,24,36,66.7,25,1,42,55,76.4,13
25,Floyd Ayité\Floyd-Ayite,tg TOG,FWMF,Fulham,5.2,0,0,0,6,7,4,7,6,7,0,0,0,13,22,59.1,15,1,9,13,69.2,4
26,César Azpilicueta\Cesar-Azpilicueta,es ESP,DF,Chelsea,37.8,4,0,0,40,15,2,119,56,44,1,1,0,16,26,61.5,17,0,98,135,72.6,37
27,Ryan Babel\Ryan-Babel,nl NED,FW,Fulham,14,3,0,0,15,16,9,38,7,5,0,0,0,36,45,80,37,2,10,15,66.7,5
28,Juninho Bacuna\Juninho-Bacuna,cw CUW,MFDF,Huddersfield,15.7,4,0,0,34,22,1,35,26,24,0,1,0,31,60,51.7,36,4,41,81,50.6,40
29,Leandro Bacuna\Leandro-Bacuna,cw CUW,MFDF,Cardiff City,6.2,2,0,0,13,3,0,7,9,13,0,0,0,4,6,66.7,4,0,15,31,48.4,16
30,Eric Bailly\Eric-Bailly,ci CIV,DF,Manchester Utd,7.1,0,1,0,5,5,0,0,7,14,0,1,0,2,2,100,2,0,14,15,93.3,1
31,Leighton Baines\Leighton-Baines,eng ENG,DF,Everton,4.2,0,0,0,2,1,1,18,4,4,0,1,0,0,1,0,0,0,7,9,77.8,2
32,Fabián Balbuena\Fabian-Balbuena,py PAR,DF,West Ham,22.4,2,0,0,19,5,0,1,27,55,0,1,0,2,2,100,2,0,36,65,55.4,29
33,Leon Balogun\Leon-Balogun,ng NGA,DF,Brighton,6.6,2,0,0,5,2,1,0,7,15,0,1,0,2,3,66.7,3,0,14,19,73.7,5
34,Sol Bamba\Sol-Bamba,ci CIV,DF,Cardiff City,27.5,7,0,0,35,13,3,1,34,84,0,1,0,16,19,84.2,16,0,74,104,71.2,30
35,Phil Bardsley\Phil-Bardsley,sco SCO,DF,Burnley,18.6,9,0,0,22,11,0,37,19,27,0,0,1,5,11,45.5,7,0,36,54,66.7,18
36,Ross Barkley\Ross-Barkley,eng ENG,MF,Chelsea,13.8,1,0,0,14,27,0,6,11,9,0,0,0,19,26,73.1,19,0,12,28,42.9,16
37,Ashley Barnes\Ashley-Barnes,at AUT,FW,Burnley,26.5,8,0,0,53,65,23,6,14,3,1,0,1,11,19,57.9,12,0,26,61,42.6,35
38,Harvey Barnes\Harvey-Barnes,eng ENG,FWMF,Leicester City,11.2,0,0,0,7,7,2,23,4,3,0,0,0,20,33,60.6,21,3,8,15,53.3,7
39,Antonio Barreca\Antonio-Barreca,it ITA,DF,Newcastle Utd,0,0,0,0,0,0,0,1,0,0,0,0,0,0,0,,0,0,0,0,,0
40,Michy Batshuayi\Michy-Batshuayi,be BEL,FW,Crystal Palace,8.4,0,0,0,7,2,13,1,1,3,0,0,0,13,19,68.4,14,0,2,5,40,3
41,Jan Bednarek\Jan-Bednarek,pl POL,DF,Southampton,23.9,7,0,0,22,7,0,1,28,64,0,0,0,2,3,66.7,2,0,43,61,70.5,18
42,Asmir Begović\Asmir-Begovic,ba BIH,GK,Bournemouth,24,0,0,0,0,3,0,0,0,0,0,0,0,0,0,,0,0,0,4,0,4
43,Héctor Bellerín\Hector-Bellerin,es ESP,DF,Arsenal,17,3,0,0,16,7,2,39,9,18,0,0,1,19,23,82.6,19,1,13,24,54.2,11
44,Joe Bennett\Joe-Bennett,eng ENG,DF,Cardiff City,29.3,5,0,0,21,35,1,43,27,57,0,0,0,24,30,80,27,0,50,72,69.4,22
45,Ryan Bennett\Ryan-Bennett,eng ENG,DF,Wolves,34,12,0,0,37,11,1,1,36,46,0,2,0,1,1,100,1,0,68,79,86.1,11
46,Christian Benteke\Christian-Benteke,be BEL,FW,Crystal Palace,9,1,0,0,18,9,10,1,4,0,0,0,0,4,8,50,5,0,5,7,71.4,2
47,Jóhann Berg Guðmundsson\Johann-Berg-Gudmundsson,is ISL,MFFW,Burnley,19.4,2,0,0,10,22,2,118,14,31,0,0,0,18,35,51.4,19,0,22,40,55,18
48,Bernard\Bernard,br BRA,FWMF,Everton,23.6,5,0,0,17,27,2,51,32,27,0,0,0,45,89,50.6,48,3,48,89,53.9,41
49,Bernardo\Bernardo,br BRA,DF,Brighton,19.4,4,0,0,18,24,2,32,39,33,0,0,0,15,19,78.9,16,0,66,84,78.6,18
50,Ryan Bertrand\Ryan-Bertrand,eng ENG,DF,Southampton,24,8,0,0,27,22,0,93,19,30,0,0,0,7,21,33.3,11,2,36,57,63.2,21
51,Marcus Bettinelli\Marcus-Bettinelli,eng ENG,GK,Fulham,7,1,0,0,0,1,0,0,0,0,0,0,0,0,0,,0,0,0,0,,0
52,Philip Billing\Philip-Billing,dk DEN,MF,Huddersfield,24.3,7,0,0,38,30,2,56,44,58,0,0,0,21,37,56.8,22,0,69,104,66.3,35
53,Yves Bissouma\Yves-Bissouma,ml MLI,MF,Brighton,19.7,5,0,0,40,25,2,8,40,31,0,0,0,51,74,68.9,59,2,61,84,72.6,23
54,Willy Boly\Willy-Boly,fr FRA,DF,Wolves,35.2,2,1,0,29,14,3,0,45,68,0,0,0,17,22,77.3,17,0,80,112,71.4,32
55,Léo Bonatini\Leo-Bonatini,br BRA,FW,Wolves,1.4,0,0,0,0,0,0,4,2,0,0,0,0,0,1,0,0,0,2,6,33.3,4
56,Gaëtan Bong\Gaetan-Bong,cm CMR,DF,Brighton,20.1,0,0,0,11,4,0,57,15,24,0,1,0,11,27,40.7,14,1,22,32,68.8,10
57,Artur Boruc\Artur-Boruc,pl POL,GK,Bournemouth,12,2,0,0,0,0,0,0,0,0,0,0,0,0,0,,0,0,0,2,0,2
58,Robbie Brady\Robbie-Brady,ie IRL,MFFW,Burnley,8,3,1,0,12,4,0,53,8,8,0,0,0,8,13,61.5,9,0,12,20,60,8
59,Miguel Britos\Miguel-Britos,uy URU,DF,Watford,2.1,0,0,0,3,1,0,1,1,3,0,0,0,0,2,0,0,0,4,6,66.7,2
60,David Brooks\David-Brooks,wal WAL,MFFW,Bournemouth,25.3,3,0,0,15,46,2,34,22,25,0,0,0,42,76,55.3,49,3,34,68,50,34
61,Bruno\Bruno,es ESP,DF,Brighton,12.6,2,0,0,4,9,3,17,19,10,0,0,0,7,11,63.6,8,0,27,31,87.1,4
62,Joe Bryan\Joe-Bryan,eng ENG,DF,Fulham,26.1,5,0,0,25,28,2,117,39,30,0,0,0,18,27,66.7,19,0,65,93,69.9,28
63,David Button\David-Button,eng ENG,GK,Brighton,4,0,0,0,0,0,0,0,0,0,0,0,0,0,0,,0,0,0,0,,0
64,Willy Caballero\Willy-Caballero,ar ARG,GK,Chelsea,2,0,0,0,0,0,0,0,0,0,0,0,0,0,0,,0,0,0,0,,0
65,Gary Cahill\Gary-Cahill,eng ENG,DF,Chelsea,0.2,0,0,0,0,0,0,0,0,0,0,0,0,0,0,,0,0,0,0,,0
66,Tom Cairney\Tom-Cairney,sco SCO,MFFW,Fulham,24.4,0,0,0,11,40,0,27,30,10,0,0,0,44,61,72.1,50,3,38,46,82.6,8
67,Dominic Calvert-Lewin\Dominic-Calvert-Lewin,eng ENG,FW,Everton,19.7,3,0,0,34,32,6,6,8,7,1,0,0,25,46,54.3,27,1,13,20,65,7
68,Rafael Camacho\Rafael-Camacho,pt POR,DF,Liverpool,0,0,0,0,0,0,0,0,0,0,0,0,0,0,0,,0,0,1,1,100,0
69,Víctor Camarasa\Victor-Camarasa,es ESP,MF,Cardiff City,28.7,6,0,0,25,29,1,123,16,33,0,0,0,39,64,60.9,43,2,26,56,46.4,30
70,Étienne Capoue\Etienne-Capoue,fr FRA,MF,Watford,32.7,14,1,0,47,58,0,5,67,86,0,0,0,32,39,82.1,32,2,90,151,59.6,61
71,Andy Carroll\Andy-Carroll,eng ENG,FW,West Ham,5.1,2,0,0,11,8,3,2,1,1,0,0,0,3,7,42.9,4,1,2,4,50,2
72,Jonny Castro\Jonny-Castro,es ESP,DFMF,Wolves,30.9,6,0,0,23,34,5,46,41,64,1,0,0,26,44,59.1,27,1,74,119,62.2,45
73,Craig Cathcart\Craig-Cathcart,nir NIR,DF,Watford,34.4,2,0,0,18,8,1,3,30,36,0,0,2,3,3,100,3,1,52,71,73.2,19
74,Ivan Cavaleiro\Ivan-Cavaleiro,pt POR,FWMF,Wolves,7.6,1,0,0,13,5,6,54,5,4,0,1,0,17,25,68,17,1,11,19,57.9,8
75,Petr Čech\Petr-Cech,cz CZE,GK,Arsenal,6.5,0,0,0,0,2,0,0,0,0,0,0,0,1,1,100,1,0,0,0,,0
76,Nathaniel Chalobah\Nathaniel-Chalobah,eng ENG,MFFW,Watford,3,2,0,0,5,3,0,1,2,5,0,0,0,1,3,33.3,1,0,5,10,50,5
77,Calum Chambers\Calum-Chambers,eng ENG,MFDF,Fulham,28.7,9,0,0,35,4,0,14,42,70,0,0,0,25,39,64.1,28,2,52,88,59.1,36
78,Ben Chilwell\Ben-Chilwell,eng ENG,DF,Leicester City,36,4,0,0,32,44,2,133,36,38,0,0,0,37,69,53.6,44,3,56,94,59.6,38
79,Tahith Chong\Tahith-Chong,nl NED,FW,Manchester Utd,0.4,0,0,0,0,2,0,0,0,0,0,0,0,1,1,100,1,0,0,0,,0
80,Hamza Choudhury\Hamza-Choudhury,eng ENG,MF,Leicester City,6.6,0,0,0,7,2,0,3,8,15,0,0,0,2,4,50,2,0,23,31,74.2,8
81,Andreas Christensen\Andreas-Christensen,dk DEN,DF,Chelsea,6.8,1,0,0,8,4,0,0,4,4,0,0,0,0,0,,0,0,10,14,71.4,4
82,Cyrus Christie\Cyrus-Christie,ie IRL,DF,Fulham,21.6,7,0,0,29,13,2,91,23,29,0,1,0,30,55,54.5,31,1,44,72,61.1,28
83,Ibrahima Cissé\Ibrahima-Cisse,gn GUI,MFFW,Fulham,1,0,0,0,1,0,0,0,0,3,0,0,0,1,2,50,2,0,0,1,0,1
84,Ciaran Clark\Ciaran-Clark,ie IRL,DF,Newcastle Utd,9.5,1,0,0,6,6,0,3,10,12,0,0,0,0,0,,0,0,15,20,75,5
85,Tom Cleverley\Tom-Cleverley,eng ENG,MFFW,Watford,5.2,2,0,0,8,4,1,4,14,4,0,0,0,1,2,50,1,0,18,36,50,18
86,Nathaniel Clyne\Nathaniel-Clyne,eng ENG,DF,Liverpool,1.2,0,0,0,0,2,0,3,1,2,0,0,0,0,0,,0,0,5,8,62.5,3
87,Nathaniel Clyne\Nathaniel-Clyne,eng ENG,DF,Bournemouth,12.7,2,0,0,9,3,0,18,13,17,0,0,0,6,9,66.7,6,0,29,42,69,13
88,Conor Coady\Conor-Coady,eng ENG,DF,Wolves,38,5,0,0,11,11,0,0,16,31,0,0,3,1,2,50,2,0,31,47,66,16
89,Joel Coleman\Joel-Coleman,eng ENG,GK,Huddersfield,1,0,0,0,0,0,0,0,0,0,0,0,0,0,0,,0,0,0,0,,0
90,Séamus Coleman\Seamus-Coleman,ie IRL,DF,Everton,28.4,1,0,0,22,20,3,81,32,27,0,1,1,25,45,55.6,26,1,50,64,78.1,14
91,Lewis Cook\Lewis-Cook,eng ENG,MF,Bournemouth,8,2,0,0,12,5,0,10,8,7,0,0,0,9,14,64.3,9,0,14,28,50,14
92,Steve Cook\Steve-Cook,eng ENG,DF,Bournemouth,31,3,0,0,18,27,1,12,21,50,0,1,1,4,5,80,4,0,35,45,77.8,10
93,Jack Cork\Jack-Cork,eng ENG,MF,Burnley,36.8,6,0,0,32,37,4,14,27,29,0,0,0,27,39,69.2,29,0,46,87,52.9,41
94,Hélder Costa\Helder-Costa,pt POR,FWMF,Wolves,15,3,0,0,20,24,6,51,14,8,0,0,0,27,48,56.3,33,1,17,33,51.5,16
95,Aaron Cresswell\Aaron-Cresswell,eng ENG,DF,West Ham,17.7,1,0,0,2,12,1,75,15,20,0,0,0,8,13,61.5,8,2,24,40,60,16
96,Peter Crouch\Peter-Crouch,eng ENG,FW,Burnley,1,1,0,0,3,0,0,0,0,0,0,0,0,0,0,,0,0,0,0,,0
97,Greg Cunningham\Greg-Cunningham,ie IRL,DF,Cardiff City,7,3,0,0,8,13,0,7,7,14,0,0,0,1,1,100,1,0,13,24,54.2,11
98,Diogo Dalot\Diogo-Dalot,pt POR,DFMF,Manchester Utd,11.3,3,0,0,12,2,2,50,13,8,0,1,0,12,19,63.2,13,0,22,29,75.9,7
99,Matty Daly\Matty-Daly,eng ENG,MF,Huddersfield,0.8,0,0,0,0,0,0,0,0,0,0,0,0,0,1,0,1,0,0,0,,0
100,Loïc Damour\Loic-Damour,fr FRA,MF,Cardiff City,0.2,0,0,0,0,0,0,0,0,0,0,0,0,0,0,,0,0,0,1,0,1
101,Charlie Daniels\Charlie-Daniels,eng ENG,DF,Bournemouth,17.6,4,0,0,8,7,0,27,16,22,0,0,0,13,21,61.9,16,2,24,41,58.5,17
102,Danilo\Danilo,br BRA,DF,Manchester City,9,1,0,0,10,8,0,12,9,16,0,0,0,6,10,60,6,0,21,31,67.7,10
103,Scott Dann\Scott-Dann,eng ENG,DF,Crystal Palace,7.3,1,0,0,4,0,0,0,1,5,0,0,0,4,4,100,4,0,5,12,41.7,7
104,Matteo Darmian\Matteo-Darmian,it ITA,DF,Manchester Utd,4.9,0,0,0,3,4,1,3,6,7,0,0,0,1,2,50,2,0,12,17,70.6,5
105,Ben Davies\Ben-Davies,wal WAL,DF,Tottenham,20.4,2,0,0,18,14,0,44,24,23,0,0,0,4,12,33.3,5,0,44,68,64.7,24
106,Tom Davies\Tom-Davies,eng ENG,MF,Everton,10.8,3,0,0,21,17,1,6,13,17,0,0,0,10,15,66.7,12,1,27,42,64.3,15
107,Steven Davis\Steven-Davis,nir NIR,MF,Southampton,1.1,0,0,0,2,0,1,1,3,2,0,0,0,0,0,,0,0,3,3,100,0
108,Kevin De Bruyne\Kevin-De-Bruyne,be BEL,MF,Manchester City,10.8,2,0,0,10,15,1,91,16,3,0,0,0,17,25,68,20,0,20,37,54.1,17
109,Troy Deeney\Troy-Deeney,eng ENG,FW,Watford,28.3,4,1,0,42,36,13,16,19,8,0,0,0,6,18,33.3,10,0,28,52,53.8,24
110,Jermain Defoe\Jermain-Defoe,eng ENG,DFFW,Bournemouth,0.2,0,0,0,0,0,0,0,0,0,0,0,0,0,0,,0,0,0,0,,0
111,Steven Defour\Steven-Defour,be BEL,MF,Burnley,5,0,0,0,1,2,0,4,4,7,0,0,0,1,2,50,1,0,8,14,57.1,6
112,Fabian Delph\Fabian-Delph,eng ENG,DF,Manchester City,8,1,1,0,6,7,0,8,7,13,0,0,0,6,8,75,6,0,18,31,58.1,13
113,Mousa Dembélé\Mousa-Dembele,be BEL,MF,Tottenham,5.7,1,0,0,12,4,0,0,9,10,0,0,0,6,9,66.7,7,1,15,20,75,5
114,Leander Dendoncker\Leander-Dendoncker,be BEL,MF,Wolves,16.3,1,0,0,11,11,1,8,35,22,0,0,0,12,13,92.3,12,0,47,84,56,37
115,Laurent Depoitre\Laurent-Depoitre,be BEL,FW,Huddersfield,11.8,1,0,0,19,10,7,4,9,2,0,0,0,7,15,46.7,8,0,9,15,60,6
116,Gerard Deulofeu\Gerard-Deulofeu,es ESP,FW,Watford,23.1,3,0,0,14,13,34,61,8,15,0,0,0,44,71,62,46,1,10,30,33.3,20
117,Fousseni Diabaté\Fousseni-Diabate,ml MLI,FW,Leicester City,0.6,0,0,0,0,1,1,2,3,0,0,0,0,0,0,,0,0,3,4,75,1
118,Adama Diakhaby\Adama-Diakhaby,fr FRA,FWMF,Huddersfield,6.1,1,0,0,7,9,2,14,3,1,0,0,0,11,20,55,11,0,4,15,26.7,11
119,Mohamed Diamé\Mohamed-Diame,sn SEN,MF,Newcastle Utd,24.1,3,0,0,36,20,0,12,48,30,0,0,0,23,40,57.5,27,1,72,120,60,48
120,Grady Diangana\Grady-Diangana,eng ENG,FWMF,West Ham,6.7,0,0,0,4,10,1,14,10,2,0,0,0,17,34,50,19,3,21,27,77.8,6
121,Eric Dier\Eric-Dier,eng ENG,MF,Tottenham,16.8,4,0,0,24,9,0,6,12,21,0,0,0,4,8,50,4,0,25,49,51,24
122,Lucas Digne\Lucas-Digne,fr FRA,DF,Everton,32.9,5,1,0,39,33,2,282,45,58,0,0,1,14,32,43.8,16,3,84,108,77.8,24
123,Virgil van Dijk\Virgil-van-Dijk,nl NED,DF,Liverpool,37.6,1,0,0,12,22,1,1,25,42,0,1,0,7,10,70,8,0,35,36,97.2,1
124,Issa Diop\Issa-Diop,fr FRA,DF,West Ham,33,4,0,0,19,17,3,0,34,60,0,0,1,5,5,100,5,2,67,93,72,26
125,Matt Doherty\Matt-Doherty,ie IRL,DFMF,Wolves,35,5,0,0,30,21,3,66,33,60,1,0,1,27,56,48.2,30,1,68,97,70.1,29
126,Abdoulaye Doucouré\Abdoulaye-Doucoure,fr FRA,MF,Watford,34,7,0,0,37,14,2,12,48,32,0,0,1,41,62,66.1,44,4,71,108,65.7,37
127,Luke Dreher\Luke-Dreher,eng ENG,MF,Crystal Palace,0,0,0,0,0,0,0,0,0,0,0,0,0,0,0,,0,0,0,0,,0
128,Martin Dúbravka\Martin-Dubravka,sk SVK,GK,Newcastle Utd,38,1,0,0,1,5,0,0,0,0,0,0,0,1,1,100,1,0,0,3,0,3
129,Shane Duffy\Shane-Duffy,ie IRL,DF,Brighton,34.3,4,1,0,23,10,4,2,20,36,0,2,0,5,5,100,5,0,32,44,72.7,12
130,Demeaco Duhaney\Demeaco-Duhaney,eng ENG,DF,Huddersfield,0.5,0,0,0,0,2,0,2,1,0,0,0,0,0,0,,0,0,2,3,66.7,1
131,Paul Dummett\Paul-Dummett,wal WAL,DF,Newcastle Utd,22.1,1,0,0,11,10,1,33,16,36,0,0,0,2,3,66.7,3,0,38,61,62.3,23
132,Lewis Dunk\Lewis-Dunk,eng ENG,DF,Brighton,35,6,1,1,22,15,0,2,32,51,0,0,0,1,3,33.3,1,0,46,68,67.6,22
133,Erik Durm\Erik-Durm,de GER,DF,Huddersfield,22.8,0,0,0,13,22,1,67,28,38,0,0,0,15,20,75,15,0,48,69,69.6,21
134,Bruno Ecuele Manga\Bruno-Ecuele-Manga,ga GAB,DF,Cardiff City,37.5,0,0,0,15,11,1,20,43,79,0,2,0,14,17,82.4,14,1,68,98,69.4,30
135,Ederson\Ederson,br BRA,GK,Manchester City,38,2,0,0,2,3,0,0,1,1,0,2,0,1,1,100,1,0,1,1,100,0
136,Harvey Elliot\Harvey-Elliot,eng ENG,MF,Fulham,0.2,0,0,0,0,0,0,0,0,0,0,0,0,1,1,100,1,0,1,1,100,0
137,Mohamed Elneny\Mohamed-Elneny,eg EGY,MF,Arsenal,4.2,0,0,0,1,0,1,3,5,2,0,0,0,1,2,50,1,0,10,12,83.3,2
138,Mohamed Elyounoussi\Mohamed-Elyounoussi,no NOR,MFFW,Southampton,8.8,0,0,0,10,13,2,48,11,7,0,0,0,8,16,50,12,1,18,29,62.1,11
139,Christian Eriksen\Christian-Eriksen,dk DEN,MFFW,Tottenham,30.8,3,0,0,17,16,2,117,27,14,0,0,0,21,37,56.8,23,2,41,79,51.9,38
140,Neil Etheridge\Neil-Etheridge,ph PHI,GK,Cardiff City,38,2,0,0,0,5,0,0,0,6,0,0,0,0,0,,0,0,0,1,0,1
141,Jonny Evans\Jonny-Evans,nir NIR,DF,Leicester City,22.2,2,0,0,21,17,0,1,17,33,0,1,0,0,0,,0,0,24,32,75,8
142,Łukasz Fabiański\Lukasz-Fabianski,pl POL,GK,West Ham,38,0,0,0,0,6,0,0,0,1,0,0,0,1,1,100,1,0,0,2,0,2
143,Fabinho\Fabinho,br BRA,MF,Liverpool,22.4,6,0,0,30,30,0,10,34,31,0,0,0,14,19,73.7,16,1,60,98,61.2,38
144,Cesc Fàbregas\Cesc-Fabregas,es ESP,MF,Chelsea,1.9,1,0,0,1,3,0,1,9,1,0,0,0,0,0,,0,0,10,12,83.3,2
145,Fabricio\Fabricio,es ESP,GK,Fulham,2,0,0,0,0,1,0,0,0,0,0,0,0,0,0,,0,0,0,0,,0
146,Marouane Fellaini\Marouane-Fellaini,be BEL,MF,Manchester Utd,8.3,1,0,0,15,9,2,6,15,3,1,0,0,4,7,57.1,5,0,23,34,67.6,11
147,Kiko Femenía\Kiko-Femenia,es ESP,DF,Watford,22.7,1,0,0,12,14,3,64,30,38,0,1,0,16,24,66.7,17,0,53,90,58.9,37
148,Federico Fernández\Federico-Fernandez,ar ARG,DF,Newcastle Utd,16.5,2,0,0,12,7,1,5,16,25,0,0,0,2,2,100,2,0,22,35,62.9,13
149,Fernandinho\Fernandinho,br BRA,MF,Manchester City,26.5,5,0,0,40,27,2,4,50,40,0,1,0,8,18,44.4,12,0,59,74,79.7,15
150,Roberto Firmino\Roberto-Firmino,br BRA,FWMF,Liverpool,29.1,0,0,0,40,11,9,9,29,6,0,0,0,54,78,69.2,60,5,33,64,51.6,31
151,Phil Foden\Phil-Foden,eng ENG,MF,Manchester City,3.6,0,0,0,4,5,0,4,7,3,0,0,0,9,15,60,9,0,7,16,43.8,9
152,Fraser Forster\Fraser-Forster,eng ENG,GK,Southampton,1,0,0,0,0,0,0,0,0,0,0,0,0,0,0,,0,0,0,0,,0
153,Ben Foster\Ben-Foster,eng ENG,GK,Watford,38,1,0,0,2,9,0,0,0,1,0,2,0,0,0,,0,0,0,6,0,6
154,Timothy Fosu-Mensah\Timothy-Fosu-Mensah,nl NED,DF,Fulham,8.8,3,0,0,7,1,0,15,7,12,0,1,1,9,12,75,9,0,18,21,85.7,3
155,Juan Foyth\Juan-Foyth,ar ARG,DF,Tottenham,9.9,3,1,0,16,9,0,2,21,11,0,2,0,22,24,91.7,22,2,37,43,86,6
156,Simon Francis\Simon-Francis,eng ENG,DF,Bournemouth,13.6,1,0,0,10,8,3,32,13,19,0,0,0,4,6,66.7,4,0,22,37,59.5,15
157,Ryan Fraser\Ryan-Fraser,sco SCO,MFFW,Bournemouth,35.3,2,0,0,6,67,10,274,6,23,1,0,0,22,44,50,25,1,14,42,33.3,28
158,Fred\Fred,br BRA,MF,Manchester Utd,11.6,2,0,0,25,18,1,13,25,16,0,1,0,11,20,55,13,2,37,58,63.8,21
159,Ryan Fredericks\Ryan-Fredericks,eng ENG,DF,West Ham,12.1,5,0,0,9,10,1,20,17,14,0,1,0,8,12,66.7,8,0,31,45,68.9,14
160,Christian Fuchs\Christian-Fuchs,at AUT,DF,Leicester City,2.3,0,0,0,3,2,0,14,2,4,0,0,0,1,1,100,1,0,4,4,100,0
161,Manolo Gabbiadini\Manolo-Gabbiadini,it ITA,FWMF,Southampton,5.2,0,0,0,9,8,1,4,2,3,0,0,0,3,10,30,5,0,5,8,62.5,3
162,Sam Gallagher\Sam-Gallagher,eng ENG,FW,Southampton,0.3,0,0,0,4,1,0,0,0,0,0,0,0,0,0,,0,0,0,0,,0
163,Idrissa Gana Gueye\Idrissa-Gana-Gueye,sn SEN,MF,Everton,31.4,6,0,0,54,38,0,14,97,74,0,1,0,22,29,75.9,23,1,135,183,73.8,48
164,James Garner\James-Garner,eng ENG,MF,Manchester Utd,0,0,0,0,0,0,0,0,0,0,0,0,0,0,0,,0,0,0,0,,0
165,Paulo Gazzaniga\Paulo-Gazzaniga,ar ARG,GK,Tottenham,3,0,0,0,0,0,0,0,0,0,0,0,0,0,0,,0,0,0,0,,0
166,David de Gea\David-de-Gea,es ESP,GK,Manchester Utd,38,1,0,0,1,4,0,0,1,0,0,0,0,0,0,,0,0,1,3,33.3,2
167,Rachid Ghezzal\Rachid-Ghezzal,dz ALG,FWMF,Leicester City,8.2,3,0,0,13,8,0,45,9,7,0,0,0,14,23,60.9,16,1,13,29,44.8,16
168,Morgan Gibbs-White\Morgan-Gibbs-White,eng ENG,MFFW,Wolves,7.2,1,0,0,8,6,2,17,2,2,0,0,0,13,22,59.1,15,1,5,9,55.6,4
169,Ben Gibson\Ben-Gibson,eng ENG,DF,Burnley,0.7,1,0,0,2,0,0,0,2,0,0,0,0,1,1,100,1,0,2,2,100,0
170,Olivier Giroud\Olivier-Giroud,fr FRA,FW,Chelsea,9.2,1,0,0,12,6,6,1,2,3,0,0,0,2,3,66.7,2,0,4,6,66.7,2
171,André Gomes\Andre-Gomes,pt POR,MF,Everton,22.1,7,0,0,49,27,0,16,32,20,0,0,0,34,50,68,37,1,43,93,46.2,50
172,Angel Gomes\Angel-Gomes,eng ENG,MFFW,Manchester Utd,0.3,0,0,0,0,0,0,1,0,0,0,0,0,0,0,,0,0,1,1,100,0
173,Joe Gomez\Joe-Gomez,eng ENG,DF,Liverpool,11.8,2,0,0,12,9,0,7,11,15,0,0,0,4,5,80,5,0,16,22,72.7,6
174,Jon Gorenc Stanković\Jon-Gorenc-Stankovic,si SVN,MFDF,Huddersfield,8,2,0,0,9,12,0,0,15,11,0,0,0,3,4,75,3,0,25,34,73.5,9
175,Dan Gosling\Dan-Gosling,eng ENG,MF,Bournemouth,19.3,8,0,0,29,24,2,6,25,22,0,0,0,8,15,53.3,8,1,45,79,57,34
176,Karlan Grant\Karlan-Grant,eng ENG,FWMF,Huddersfield,9.7,0,0,0,8,8,4,10,1,1,1,0,0,13,24,54.2,13,0,2,4,50,2
177,Andre Gray\Andre-Gray,eng ENG,FW,Watford,15.1,2,0,0,12,9,16,8,3,2,0,0,0,12,22,54.5,13,0,3,7,42.9,4
178,Demarai Gray\Demarai-Gray,eng ENG,FWMF,Leicester City,22.2,2,0,0,15,16,3,53,13,9,0,0,0,46,69,66.7,46,2,19,35,54.3,16
179,Mason Greenwood\Mason-Greenwood,eng ENG,FW,Manchester Utd,1.3,0,0,0,0,1,2,1,1,0,0,0,0,3,6,50,3,1,3,5,60,2
180,Pascal Groß\Pascal-Gross,de GER,MF,Brighton,20.9,1,0,0,12,14,5,141,15,15,1,1,0,10,12,83.3,10,0,24,54,44.4,30
181,Vicente Guaita\Vicente-Guaita,es ESP,GK,Crystal Palace,19.5,2,0,0,1,6,0,0,0,0,0,1,0,0,0,,0,0,0,0,,0
182,Mattéo Guendouzi\Matteo-Guendouzi,fr FRA,MF,Arsenal,23.8,9,0,0,25,62,0,15,25,27,0,0,0,31,42,73.8,33,2,36,81,44.4,45
183,İlkay Gündoğan\Ilkay-Gundogan,de GER,MF,Manchester City,23.7,3,0,0,14,23,0,99,10,29,0,0,0,17,24,70.8,18,1,17,48,35.4,31
184,Angus Gunn\Angus-Gunn,eng ENG,GK,Southampton,12,0,0,0,0,2,0,0,0,0,0,0,0,0,1,0,0,0,0,0,,0
185,Aron Gunnarsson\Aron-Gunnarsson,is ISL,MF,Cardiff City,25.3,5,0,0,27,30,0,13,48,38,0,0,0,9,10,90,9,0,63,125,50.4,62
186,Florent Hadergjonaj\Florent-Hadergjonaj,xk KVX,DFMF,Huddersfield,20.4,1,0,0,12,19,2,91,11,22,0,1,0,11,23,47.8,11,2,30,59,50.8,29
187,Ben Hamer\Ben-Hamer,eng ENG,GK,Huddersfield,6.1,0,0,0,0,1,0,0,0,1,0,0,0,0,0,,0,0,0,3,0,3
188,Kadeem Harris\Kadeem-Harris,eng ENG,MFFW,Cardiff City,4.1,1,0,0,4,5,1,15,2,3,0,0,0,11,22,50,13,1,7,8,87.5,1
189,Joe Hart\Joe-Hart,eng ENG,GK,Burnley,19,0,0,0,0,0,0,0,0,0,0,0,0,0,0,,0,0,0,1,0,1
190,Isaac Hayden\Isaac-Hayden,eng ENG,MF,Newcastle Utd,20.7,3,1,0,32,14,0,12,43,38,0,0,0,11,15,73.3,13,0,66,94,70.2,28
191,Eden Hazard\Eden-Hazard,be BEL,FW,Chelsea,32.5,2,0,0,12,104,11,145,6,10,1,0,0,134,204,65.7,143,6,8,22,36.4,14
192,Rhys Healey\Rhys-Healey,wal WAL,FWMF,Cardiff City,0.5,0,0,0,1,1,0,3,0,0,0,0,0,1,2,50,1,0,1,1,100,0
193,Tom Heaton\Tom-Heaton,eng ENG,GK,Burnley,19,3,0,0,1,2,0,0,0,0,0,0,0,1,1,100,1,0,0,3,0,3
194,Jordan Henderson\Jordan-Henderson,eng ENG,MF,Liverpool,22,2,1,1,26,12,2,37,37,32,0,0,0,9,18,50,13,4,44,70,62.9,26
195,Jeff Hendrick\Jeff-Hendrick,ie IRL,MFFW,Burnley,23,4,0,0,18,13,9,24,25,13,0,1,0,14,32,43.8,18,2,36,61,59,25
196,Wayne Hennessey\Wayne-Hennessey,wal WAL,GK,Crystal Palace,17.5,0,0,0,0,1,0,0,0,0,0,0,0,0,0,,0,0,0,2,0,2
197,Javier Hernández\Javier-Hernandez,mx MEX,FW,West Ham,14.9,2,0,0,9,34,12,9,2,2,2,0,0,14,19,73.7,14,1,3,7,42.9,4
198,Ander Herrera\Ander-Herrera,es ESP,MF,Manchester Utd,15.6,4,0,0,21,20,0,5,37,39,0,1,0,16,20,80,16,1,54,102,52.9,48
199,Son Heung-min\Son-Heung-min,kr KOR,FWMF,Tottenham,22.7,2,1,0,11,19,22,25,7,8,1,0,0,55,97,56.7,62,3,18,42,42.9,24
200,Gonzalo Higuaín\Gonzalo-Higuain,ar ARG,FW,Chelsea,12.1,0,0,0,6,2,11,2,5,1,0,0,0,14,19,73.7,15,1,6,11,54.5,5
201,Wesley Hoedt\Wesley-Hoedt,nl NED,DF,Southampton,13,2,0,0,15,14,0,2,11,23,0,0,2,6,7,85.7,6,0,26,38,68.4,12
202,Jonathan Hogg\Jonathan-Hogg,eng ENG,MF,Huddersfield,26.4,8,1,0,58,35,1,7,60,69,0,0,0,14,17,82.4,15,0,83,135,61.5,52
203,Junior Hoilett\Junior-Hoilett,ca CAN,FWMF,Cardiff City,23.8,4,0,0,35,38,8,84,24,29,1,0,0,20,55,36.4,22,0,42,81,51.9,39
204,Rob Holding\Rob-Holding,eng ENG,DF,Arsenal,9,1,0,0,6,2,0,1,10,10,0,0,0,4,6,66.7,4,0,14,20,70,6
205,José Holebas\Jose-Holebas,gr GRE,DF,Watford,26.6,12,1,0,34,15,2,212,45,19,0,0,0,23,46,50,25,3,68,89,76.4,21
206,Mason Holgate\Mason-Holgate,eng ENG,DF,Everton,4.5,1,0,0,2,7,1,0,2,3,0,0,0,1,2,50,2,0,5,7,71.4,2
207,Callum Hudson-Odoi\Callum-Hudson-Odoi,eng ENG,FW,Chelsea,4.3,0,0,0,1,6,3,22,6,3,0,0,0,11,18,61.1,11,0,8,11,72.7,3
208,Will Hughes\Will-Hughes,eng ENG,MFFW,Watford,27.1,5,0,0,54,71,0,21,42,25,0,0,0,21,43,48.8,23,0,71,119,59.7,48
209,Emerson Hyndman\Emerson-Hyndman,us USA,MF,Bournemouth,0.4,0,0,0,0,0,0,0,2,1,0,0,0,0,0,,0,0,4,7,57.1,3
210,Pierre Højbjerg\Pierre-Hojbjerg,dk DEN,MF,Southampton,30.7,8,2,1,50,47,0,29,64,64,0,0,0,30,42,71.4,31,2,80,137,58.4,57
211,Jordon Ibe\Jordon-Ibe,eng ENG,MFFW,Bournemouth,8.8,1,0,0,8,10,0,27,3,4,0,0,0,25,41,61,25,1,4,8,50,4
212,Vicente Iborra\Vicente-Iborra,es ESP,MF,Leicester City,2.5,0,0,0,6,1,0,1,4,5,0,0,0,0,0,,0,0,5,9,55.6,4
213,Kelechi Iheanacho\Kelechi-Iheanacho,ng NGA,FWMF,Leicester City,10.3,2,0,0,14,7,8,6,6,2,1,0,0,11,20,55,11,1,8,11,72.7,3
214,Danny Ings\Danny-Ings,eng ENG,FW,Southampton,18.5,1,0,0,16,22,6,15,16,4,3,0,0,34,50,68,37,1,26,44,59.1,18
215,Alex Iwobi\Alex-Iwobi,ng NGA,FWMF,Arsenal,21.9,0,0,0,8,13,2,58,17,12,0,0,0,53,93,57,58,8,23,48,47.9,25
216,José Izquierdo\Jose-Izquierdo,co COL,MFFW,Brighton,8.8,1,0,0,6,6,4,7,8,5,1,0,0,11,23,47.8,13,1,18,26,69.2,8
217,Phil Jagielka\Phil-Jagielka,eng ENG,DF,Everton,3.6,0,1,0,2,3,0,0,5,2,0,0,0,0,0,,0,0,8,9,88.9,1
218,Alireza Jahanbakhsh\Alireza-Jahanbakhsh,ir IRN,FWMF,Brighton,11.3,2,0,0,19,8,6,23,24,11,0,1,0,17,40,42.5,22,2,39,62,62.9,23
219,Daryl Janmaat\Daryl-Janmaat,nl NED,DF,Watford,16.9,3,0,0,16,1,1,60,16,30,0,0,0,12,18,66.7,13,3,33,52,63.5,19
220,Vincent Janssen\Vincent-Janssen,nl NED,FW,Tottenham,0.4,0,0,0,2,0,1,1,0,0,0,0,0,0,0,,0,0,1,2,50,1
221,Carl Jenkinson\Carl-Jenkinson,eng ENG,DF,Arsenal,1.8,0,0,0,1,0,0,3,3,0,0,0,0,0,1,0,0,0,4,4,100,0
222,Gabriel Jesus\Gabriel-Jesus,br BRA,FW,Manchester City,11.3,1,0,0,12,18,15,4,6,2,0,0,0,23,47,48.9,26,1,9,14,64.3,5
223,Raúl Jiménez\Raul-Jimenez,mx MEX,FW,Wolves,34.7,4,0,0,41,39,33,25,17,27,1,0,0,36,63,57.1,37,1,26,41,63.4,15
224,Stefan Johansen\Stefan-Johansen,no NOR,MF,Fulham,4.6,4,0,0,6,2,0,10,5,3,0,0,0,3,4,75,4,0,8,11,72.7,3
225,Ben Johnson\Ben-Johnson,eng ENG,DF,West Ham,0.7,0,0,0,0,0,0,0,1,1,0,0,0,0,2,0,1,0,1,2,50,1
226,Tyreke Johnson\Tyreke-Johnson,eng ENG,FW,Southampton,0,0,0,0,0,0,0,0,0,0,0,0,0,0,0,,0,0,0,0,,0
227,Phil Jones\Phil-Jones,eng ENG,DF,Manchester Utd,14,1,0,0,8,10,0,1,18,22,0,0,0,4,4,100,4,0,26,28,92.9,2
228,Jorginho\Jorginho,it ITA,MF,Chelsea,35.2,8,0,0,33,22,0,2,55,67,0,0,0,15,21,71.4,16,0,75,140,53.6,65
229,Joselu\Joselu,es ESP,FW,Newcastle Utd,6.5,1,0,0,5,7,4,3,7,3,0,0,0,7,11,63.6,7,0,10,17,58.8,7
230,Diogo Jota\Diogo-Jota,pt POR,FWMF,Wolves,26.3,11,0,0,42,55,6,36,19,14,0,0,0,58,105,55.2,65,2,29,58,50,29
231,Mathias Jørgensen\Mathias-Jorgensen,dk DEN,DF,Huddersfield,23.9,6,0,0,33,14,0,4,22,64,0,1,0,2,5,40,3,1,45,70,64.3,25
232,Christian Kabasele\Christian-Kabasele,be BEL,DF,Watford,17.6,4,1,1,23,14,0,1,18,37,0,2,0,0,0,,0,0,30,43,69.8,13
233,Elias Kachunga\Elias-Kachunga,cd COD,FWMF,Huddersfield,13.1,2,0,0,24,21,9,15,9,4,0,1,0,18,36,50,19,2,22,38,57.9,16
234,Aboubakar Kamara\Aboubakar-Kamara,fr FRA,FWMF,Fulham,7.7,2,0,0,24,4,7,18,8,1,1,0,0,16,33,48.5,20,0,10,16,62.5,6
235,Harry Kane\Harry-Kane,eng ENG,FW,Tottenham,27,5,0,0,31,52,10,13,7,1,1,0,0,43,69,62.3,45,3,11,19,57.9,8
236,N'Golo Kanté\NGolo-Kante,fr FRA,MF,Chelsea,34.4,3,0,0,35,15,6,19,61,45,0,0,0,32,57,56.1,36,2,78,119,65.5,41
237,Beram Kayal\Beram-Kayal,il ISR,MF,Brighton,10.4,4,0,0,18,7,0,10,27,16,0,1,0,8,14,57.1,8,0,33,57,57.9,24
238,Michael Keane\Michael-Keane,eng ENG,DF,Everton,33,2,0,0,23,7,0,4,27,47,0,0,0,5,7,71.4,7,0,37,55,67.3,18
239,Neeskens Kebano\Neeskens-Kebano,cd COD,FWMF,Fulham,1.1,0,0,0,0,1,0,2,2,0,0,0,0,1,2,50,1,0,3,3,100,0
240,Naby Keïta\Naby-Keita,gn GUI,MF,Liverpool,15.5,0,0,0,24,16,0,5,20,13,0,0,0,26,43,60.5,30,2,39,72,54.2,33
241,Martin Kelly\Martin-Kelly,eng ENG,DF,Crystal Palace,12.3,2,0,0,6,1,0,3,14,11,0,0,1,0,0,,0,0,21,27,77.8,6
242,Kenedy\Kenedy,br BRA,MFFW,Newcastle Utd,14.9,1,0,0,18,22,5,28,23,30,0,0,0,42,62,67.7,46,3,33,55,60,22
243,Jonjoe Kenny\Jonjoe-Kenny,eng ENG,DF,Everton,8.8,1,0,0,10,1,0,17,12,16,0,0,0,7,13,53.8,10,1,22,32,68.8,10
244,Max Kilman\Max-Kilman,eng ENG,DF,Wolves,0,0,0,0,0,0,0,0,0,0,0,0,0,0,0,,0,0,0,0,,0
245,Joshua King\Joshua-King,no NOR,FW,Bournemouth,33,3,0,0,52,45,7,43,25,6,2,0,0,73,119,61.3,79,5,32,50,64,18
246,Anthony Knockaert\Anthony-Knockaert,fr FRA,FWMF,Brighton,20.4,4,1,0,23,20,3,107,17,29,0,0,0,29,62,46.8,33,2,28,54,51.9,26
247,Sead Kolašinac\Sead-Kolasinac,ba BIH,DF,Arsenal,21,5,0,0,21,10,11,51,18,22,1,1,1,16,33,48.5,17,1,32,49,65.3,17
248,Vincent Kompany\Vincent-Kompany,be BEL,DF,Manchester City,13.6,6,0,0,17,0,1,0,9,15,0,0,0,3,4,75,3,0,13,15,86.7,2
249,Terence Kongolo\Terence-Kongolo,nl NED,DF,Huddersfield,30.2,4,0,0,20,26,2,28,45,66,0,1,1,13,21,61.9,14,0,83,112,74.1,29
250,Laurent Koscielny\Laurent-Koscielny,fr FRA,DF,Arsenal,14.8,1,0,0,11,15,0,0,10,29,0,0,0,1,2,50,1,0,19,24,79.2,5
251,Cheikhou Kouyaté\Cheikhou-Kouyate,sn SEN,MF,Crystal Palace,21.1,3,0,0,35,17,4,8,34,17,1,0,0,19,26,73.1,20,1,54,78,69.2,24
252,Mateo Kovačić\Mateo-Kovacic,hr CRO,MF,Chelsea,19.4,3,0,0,19,33,0,8,34,9,0,0,0,34,41,82.9,34,1,49,70,70,21
253,Rajiv van La Parra\Rajiv-van-La-Parra,nl NED,MFFW,Huddersfield,4.5,0,0,0,4,14,0,6,6,4,0,0,0,7,22,31.8,8,1,8,14,57.1,6
254,Alexandre Lacazette\Alexandre-Lacazette,fr FRA,FW,Arsenal,27.8,2,0,0,51,54,24,30,28,15,1,0,0,52,72,72.2,53,4,35,51,68.6,16
255,Adam Lallana\Adam-Lallana,eng ENG,MFFW,Liverpool,5.2,1,0,0,4,11,0,8,11,3,0,0,0,9,13,69.2,10,1,16,24,66.7,8
256,Érik Lamela\Erik-Lamela,ar ARG,FWMF,Tottenham,10.8,2,0,0,23,18,1,28,15,8,0,0,0,21,33,63.6,23,1,21,28,75,7
257,Manuel Lanzini\Manuel-Lanzini,ar ARG,MF,West Ham,7.7,2,0,0,5,7,0,16,9,7,1,0,0,13,19,68.4,14,1,10,24,41.7,14
258,Aymeric Laporte\Aymeric-Laporte,fr FRA,DF,Manchester City,34,3,0,0,22,18,2,8,27,38,0,0,0,2,5,40,3,0,44,60,73.3,16
259,Jamaal Lascelles\Jamaal-Lascelles,eng ENG,DF,Newcastle Utd,30.5,4,0,0,16,9,1,2,16,39,0,0,0,3,4,75,3,0,35,43,81.4,8
260,Maxime Le Marchand\Maxime-Le-Marchand,fr FRA,DF,Fulham,25,5,0,0,28,7,3,17,30,55,0,1,0,9,13,69.2,9,1,58,81,71.6,23
261,Florian Lejeune\Florian-Lejeune,fr FRA,DF,Newcastle Utd,11.7,0,0,0,11,6,0,7,14,20,0,1,0,3,3,100,3,0,29,45,64.4,16
262,Mario Lemina\Mario-Lemina,ga GAB,MF,Southampton,17.9,5,0,0,31,23,1,10,40,42,0,0,0,29,45,64.4,29,2,51,68,75,17
263,Aaron Lennon\Aaron-Lennon,eng ENG,FWMF,Burnley,13.5,1,0,0,12,16,0,24,20,8,0,1,0,8,15,53.3,8,1,33,45,73.3,12
264,Bernd Leno\Bernd-Leno,de GER,GK,Arsenal,31.5,0,0,0,0,5,0,0,0,3,0,0,0,0,0,,0,0,0,3,0,3
265,Jefferson Lerma\Jefferson-Lerma,co COL,MF,Bournemouth,27.9,12,0,0,44,51,3,4,35,55,1,0,1,28,34,82.4,28,0,46,79,58.2,33
266,Stephan Lichtsteiner\Stephan-Lichtsteiner,ch SUI,DF,Arsenal,10.4,3,0,0,11,10,2,30,5,8,0,0,0,8,10,80,8,0,12,26,46.2,14
267,Victor Lindelöf\Victor-Lindelof,se SWE,DF,Manchester Utd,28.9,1,0,0,20,16,0,0,21,24,0,0,1,7,7,100,7,1,34,42,81,8
268,Jesse Lingard\Jesse-Lingard,eng ENG,FWMF,Manchester Utd,18.5,3,0,0,27,25,7,18,10,10,2,0,0,19,39,48.7,23,1,20,49,40.8,29
269,Fernando Llorente\Fernando-Llorente,es ESP,FW,Tottenham,7.6,2,0,0,12,6,5,1,3,2,0,0,1,9,13,69.2,10,0,4,7,57.1,3
270,Hugo Lloris\Hugo-Lloris,fr FRA,GK,Tottenham,33,0,0,0,0,2,0,0,0,3,0,0,0,0,0,,0,0,0,3,0,3
271,Jürgen Locadia\Jurgen-Locadia,nl NED,FWMF,Brighton,13.6,1,0,0,22,11,11,12,14,9,0,0,0,8,10,80,8,0,22,28,78.6,6
272,Ruben Loftus-Cheek\Ruben-Loftus-Cheek,eng ENG,MFFW,Chelsea,10.9,0,0,0,10,23,2,2,15,13,0,0,0,27,42,64.3,29,1,18,26,69.2,8
273,Kevin Long\Kevin-Long,ie IRL,DF,Burnley,5.7,0,0,0,3,5,0,0,13,6,0,0,0,0,0,,0,0,21,29,72.4,8
274,Shane Long\Shane-Long,ie IRL,FWMF,Southampton,14.1,3,0,0,26,23,12,13,5,5,1,0,0,6,15,40,7,0,11,21,52.4,10
275,Sean Longstaff\Sean-Longstaff,eng ENG,MF,Newcastle Utd,7.6,2,0,0,7,8,0,3,19,8,1,0,0,5,6,83.3,5,0,25,41,61,16
276,Ademola Lookman\Ademola-Lookman,eng ENG,FWMF,Everton,6.7,0,0,0,8,22,2,16,8,8,0,0,0,27,40,67.5,28,3,15,16,93.8,1
277,Jonas Lössl\Jonas-Lossl,dk DEN,GK,Huddersfield,30.9,1,0,0,0,5,0,0,0,1,0,0,0,2,2,100,2,0,0,2,0,2
278,Dejan Lovren\Dejan-Lovren,hr CRO,DF,Liverpool,10.9,1,0,0,3,10,0,4,10,10,1,0,0,0,0,,0,0,17,27,63,10
279,Chris Löwe\Chris-Lowe,de GER,DFMF,Huddersfield,22.9,2,0,0,14,13,2,140,10,19,0,1,0,12,17,70.6,12,0,38,67,56.7,29
280,Matthew Lowton\Matthew-Lowton,eng ENG,DF,Burnley,19.4,7,0,0,22,12,0,59,34,26,0,0,0,14,22,63.6,15,0,58,90,64.4,32
281,David Luiz\David-Luiz,br BRA,DF,Chelsea,36,3,0,0,34,29,0,6,34,36,0,0,0,8,9,88.9,8,0,52,67,77.6,15
282,Romelu Lukaku\Romelu-Lukaku,be BEL,FW,Manchester Utd,23.7,4,0,0,18,3,23,44,8,2,1,0,0,26,38,68.4,27,2,11,18,61.1,7
283,James Maddison\James-Maddison,eng ENG,MFFW,Leicester City,31.6,4,1,1,26,78,2,206,34,13,2,0,0,43,59,72.9,46,6,59,104,56.7,45
284,Gary Madine\Gary-Madine,eng ENG,FWMF,Cardiff City,0.4,0,0,0,2,1,0,0,1,0,0,0,0,1,1,100,1,0,1,1,100,0
285,Harry Maguire\Harry-Maguire,eng ENG,DF,Leicester City,28.9,6,1,0,20,16,4,1,19,36,0,0,0,17,20,85,17,0,33,40,82.5,7
286,Riyad Mahrez\Riyad-Mahrez,dz ALG,FWMF,Manchester City,14.9,0,0,0,10,15,9,74,10,9,0,0,0,31,55,56.4,33,1,14,27,51.9,13
287,Ainsley Maitland-Niles\Ainsley-Maitland-Niles,eng ENG,DF,Arsenal,10.9,2,1,1,8,13,1,18,23,19,0,0,0,19,26,73.1,19,0,35,52,67.3,17
288,Sadio Mané\Sadio-Mane,sn SEN,FW,Liverpool,34.3,2,0,0,35,64,26,39,31,16,1,0,0,61,110,55.5,67,4,46,81,56.8,35
289,Javier Manquillo\Javier-Manquillo,es ESP,DF,Newcastle Utd,12.2,2,0,0,13,8,1,29,15,16,0,0,0,5,13,38.5,6,0,33,44,75,11
290,Solly March\Solly-March,eng ENG,FWMF,Brighton,27.5,1,0,0,29,30,7,153,24,28,1,0,0,43,67,64.2,48,1,47,81,58,34
291,Adrian Mariappa\Adrian-Mariappa,jm JAM,DF,Watford,21.3,3,0,0,19,4,1,1,14,25,0,0,0,1,3,33.3,2,0,40,58,69,18
292,Lazar Marković\Lazar-Markovic,rs SRB,FW,Fulham,0.5,0,0,0,1,0,0,0,0,1,0,0,0,0,0,,0,0,0,0,,0
293,Anthony Martial\Anthony-Martial,fr FRA,FW,Manchester Utd,18,2,0,0,14,28,6,33,16,3,2,0,0,31,57,54.4,34,1,19,31,61.3,12
294,Adam Masina\Adam-Masina,it ITA,DF,Watford,11.1,5,0,0,17,10,1,31,14,16,0,0,0,6,11,54.5,6,0,26,41,63.4,15
295,Arthur Masuaku\Arthur-Masuaku,cd COD,DF,West Ham,19.5,2,0,0,16,5,0,36,36,36,0,0,0,30,43,69.8,30,1,53,85,62.4,32
296,Juan Mata\Juan-Mata,es ESP,FWMF,Manchester Utd,14.4,3,0,0,10,9,8,67,3,6,2,0,0,12,20,60,13,0,6,26,23.1,20
297,Nemanja Matić\Nemanja-Matic,rs SRB,MF,Manchester Utd,27.1,7,1,1,27,20,1,9,29,31,0,0,0,18,21,85.7,20,0,49,91,53.8,42
298,Joël Matip\Joel-Matip,cm CMR,DF,Liverpool,17,3,0,0,12,17,0,0,23,31,0,0,0,5,7,71.4,5,0,32,45,71.1,13
299,Konstantinos Mavropanos\Konstantinos-Mavropanos,gr GRE,DF,Arsenal,1.7,1,0,0,2,0,0,0,2,5,0,0,0,1,1,100,1,0,4,4,100,0
300,Alfie Mawson\Alfie-Mawson,eng ENG,DF,Fulham,12.6,2,0,0,6,5,0,3,6,19,0,0,0,3,3,100,3,1,11,16,68.8,5
301,Isaac Mbenza\Isaac-Mbenza,be BEL,FWMF,Huddersfield,10.9,1,0,0,9,6,6,34,7,6,0,0,0,10,25,40,13,2,14,21,66.7,7
302,James McArthur\James-McArthur,sco SCO,MF,Crystal Palace,34.1,7,0,0,61,39,2,16,56,43,0,1,0,29,42,69,30,2,89,154,57.8,65
303,Alex McCarthy\Alex-McCarthy,eng ENG,GK,Southampton,25,1,0,0,0,3,0,0,0,0,0,0,0,1,1,100,1,0,0,0,,0
304,James McCarthy\James-McCarthy,ie IRL,MF,Everton,0.2,0,0,0,0,0,0,0,0,1,0,0,0,0,0,,0,0,1,1,100,0
305,Kevin McDonald\Kevin-McDonald,sco SCO,MF,Fulham,9.3,5,1,1,12,6,0,3,10,11,0,0,0,1,2,50,1,1,10,18,55.6,8
306,Dwight McNeil\Dwight-McNeil,eng ENG,MFFW,Burnley,17.8,2,0,0,15,10,1,118,11,14,0,0,0,33,58,56.9,36,0,25,61,41,36
307,Scott McTominay\Scott-McTominay,sco SCO,MFDF,Manchester Utd,9.6,1,0,0,11,16,1,3,13,14,0,0,0,2,9,22.2,4,0,16,21,76.2,5
308,Ben Mee\Ben-Mee,eng ENG,DF,Burnley,38,9,0,0,28,20,0,4,24,44,0,1,2,9,12,75,9,0,54,72,75,18
309,Nathaniel Mendez-Laing\Nathaniel-Mendez-Laing,eng ENG,MFFW,Cardiff City,10.9,0,0,0,7,3,3,26,23,11,1,0,0,26,35,74.3,26,2,35,46,76.1,11
310,Benjamin Mendy\Benjamin-Mendy,fr FRA,DF,Manchester City,10,1,0,0,12,2,0,51,8,10,0,0,0,12,18,66.7,15,3,15,26,57.7,11
311,Nampalys Mendy\Nampalys-Mendy,fr FRA,MF,Leicester City,23.2,5,0,0,22,36,0,4,23,27,0,1,0,19,27,70.4,21,0,40,63,63.5,23
312,Chris Mepham\Chris-Mepham,wal WAL,DF,Bournemouth,9.4,1,0,0,7,4,0,1,4,15,0,0,0,4,6,66.7,5,1,10,12,83.3,2
313,Max Meyer\Max-Meyer,de GER,MFFW,Crystal Palace,15.7,3,0,0,10,18,1,25,16,17,1,0,0,19,26,73.1,19,0,34,48,70.8,14
314,Luka Milivojević\Luka-Milivojevic,rs SRB,MF,Crystal Palace,38,10,0,0,60,39,0,183,67,72,0,0,0,18,28,64.3,20,0,93,160,58.1,67
315,James Milner\James-Milner,eng ENG,MFDF,Liverpool,19.8,6,1,1,28,27,0,133,26,16,0,0,0,17,21,81,18,1,44,77,57.1,33
316,Yerry Mina\Yerry-Mina,co COL,DF,Everton,9.9,3,0,0,13,5,1,0,12,7,1,0,0,1,1,100,1,0,17,23,73.9,6
317,Tyrone Mings\Tyrone-Mings,eng ENG,DF,Bournemouth,1.6,0,0,0,0,1,0,1,2,7,0,0,0,1,1,100,1,0,3,4,75,1
318,Aleksandar Mitrović\Aleksandar-Mitrovic,rs SRB,FW,Fulham,36.5,7,0,0,61,59,34,7,10,8,1,0,0,32,59,54.2,34,10,16,25,64,9
319,Henrikh Mkhitaryan\Henrikh-Mkhitaryan,am ARM,FWMF,Arsenal,18.3,1,0,0,27,11,3,63,18,17,0,0,0,24,51,47.1,27,3,28,52,53.8,24
320,Nacho Monreal\Nacho-Monreal,es ESP,DF,Arsenal,20.7,5,0,0,17,21,1,28,27,28,1,0,0,10,14,71.4,10,0,36,53,67.9,17
321,Martín Montoya\Martin-Montoya,es ESP,DF,Brighton,24.1,4,0,0,29,17,0,37,26,49,0,0,0,12,21,57.1,15,1,56,85,65.9,29
322,Aaron Mooy\Aaron-Mooy,au AUS,MFFW,Huddersfield,25.9,4,0,0,26,15,1,139,43,16,0,0,0,30,53,56.6,32,0,66,108,61.1,42
323,Álvaro Morata\Alvaro-Morata,es ESP,FW,Chelsea,10.5,3,0,0,19,16,20,3,6,0,0,0,0,7,12,58.3,7,0,9,11,81.8,2
324,Alberto Moreno\Alberto-Moreno,es ESP,DF,Liverpool,1.7,0,0,0,1,1,0,4,2,1,0,0,0,4,5,80,4,0,4,4,100,0
325,Wes Morgan\Wes-Morgan,jm JAM,DF,Leicester City,21.4,3,2,2,18,6,3,0,16,29,0,0,0,3,3,100,3,0,29,31,93.5,2
326,Sean Morrison\Sean-Morrison,eng ENG,DF,Cardiff City,33.8,6,0,0,32,21,9,5,30,54,0,3,0,11,13,84.6,12,0,45,60,75,15
327,Victor Moses\Victor-Moses,ng NGA,FW,Chelsea,0.3,0,0,0,1,1,0,0,0,0,0,0,0,0,1,0,0,0,0,0,,0
328,Steve Mounié\Steve-Mounie,bj BEN,FW,Huddersfield,19.7,1,1,0,32,15,15,9,8,5,0,0,0,12,21,57.1,14,0,14,25,56,11
329,Lucas Moura\Lucas-Moura,br BRA,FWMF,Tottenham,23.6,3,0,0,25,48,14,17,23,24,0,0,0,44,83,53,46,0,33,51,64.7,18
330,Lys Mousset\Lys-Mousset,fr FRA,FWMF,Bournemouth,3.8,1,0,0,7,5,4,3,4,1,0,0,0,5,13,38.5,7,1,5,8,62.5,3
331,João Moutinho\Joao-Moutinho,pt POR,MF,Wolves,33.8,4,0,0,55,37,0,194,65,38,0,1,0,15,21,71.4,15,1,99,196,50.5,97
332,Jacob Murphy\Jacob-Murphy,eng ENG,MFFW,Newcastle Utd,3.3,0,0,0,4,0,1,16,4,2,0,0,0,3,7,42.9,3,0,6,12,50,6
333,Josh Murphy\Josh-Murphy,eng ENG,FWMF,Cardiff City,20.3,2,0,0,14,54,11,74,9,12,0,0,0,46,102,45.1,54,8,25,48,52.1,23
334,Glenn Murray\Glenn-Murray,eng ENG,FW,Brighton,27.9,5,0,0,80,54,38,8,7,2,1,1,0,14,21,66.7,16,0,14,34,41.2,20
335,Shkodran Mustafi\Shkodran-Mustafi,de GER,DF,Arsenal,29.1,9,0,0,42,9,4,11,36,59,0,2,0,12,15,80,12,0,63,76,82.9,13
336,Yoshinori Mutō\Yoshinori-Muto,jp JPN,FW,Newcastle Utd,5.7,1,0,0,13,10,2,4,7,5,0,0,0,11,17,64.7,11,0,11,17,64.7,6
337,Georges-Kévin N'Koudou\Georges-Kevin-NKoudou,fr FRA,FW,Tottenham,0,0,0,0,0,1,0,2,0,0,0,0,0,0,0,,0,0,0,0,,0
338,Samir Nasri\Samir-Nasri,fr FRA,MF,West Ham,2.7,0,0,0,3,2,3,3,0,1,0,0,0,2,4,50,2,0,0,0,,0
339,Marc Navarro\Marc-Navarro,es ESP,DF,Watford,0.9,0,0,0,1,0,0,5,1,0,0,0,0,1,1,100,1,0,3,4,75,1
340,Wilfred Ndidi\Wilfred-Ndidi,ng NGA,MF,Leicester City,36.6,8,0,0,47,23,2,12,109,80,0,0,0,40,52,76.9,45,4,160,216,74.1,56
341,Rúben Neves\Ruben-Neves,pt POR,MF,Wolves,33.4,8,0,0,37,19,0,28,39,73,0,0,0,12,21,57.1,14,0,64,127,50.4,63
342,Oumar Niasse\Oumar-Niasse,sn SEN,FW,Cardiff City,10.4,0,0,0,8,17,9,5,6,2,0,0,0,29,47,61.7,32,0,11,15,73.3,4
343,Oumar Niasse\Oumar-Niasse,sn SEN,FWMF,Everton,0.6,0,0,0,3,1,1,1,0,0,0,0,0,1,7,14.3,2,0,0,1,0,1
344,Eddie Nketiah\Eddie-Nketiah,eng ENG,MFFW,Arsenal,0.7,0,0,0,1,2,2,0,1,0,0,0,0,2,3,66.7,2,0,1,1,100,0
345,Mark Noble\Mark-Noble,eng ENG,MF,West Ham,25.6,6,1,0,24,39,1,23,38,21,0,0,0,15,22,68.2,16,1,55,90,61.1,35
346,Håvard Nordtveit\Havard-Nordtveit,no NOR,DF,Fulham,4,0,0,0,5,2,0,0,3,6,0,0,0,2,2,100,2,0,6,9,66.7,3
347,Will Norris\Will-Norris,eng ENG,GK,Wolves,0,0,0,0,0,0,0,0,0,0,0,0,0,0,0,,0,0,0,0,,0
348,Michael Obafemi\Michael-Obafemi,ie IRL,FW,Southampton,1.5,1,0,0,2,3,1,1,1,1,0,0,0,1,4,25,2,0,1,2,50,1
349,Pedro Obiang\Pedro-Obiang,gq EQG,MF,West Ham,12.4,0,0,0,15,11,2,7,25,14,0,0,0,8,9,88.9,9,0,39,66,59.1,27
350,Denis Odoi\Denis-Odoi,be BEL,DF,Fulham,28.8,4,0,0,37,31,0,13,37,38,0,1,1,22,28,78.6,23,0,55,73,75.3,18
351,Angelo Ogbonna\Angelo-Ogbonna,it ITA,DF,West Ham,20.8,2,0,0,15,8,0,0,23,34,0,0,0,2,2,100,2,0,38,50,76,12
352,Stefano Okaka\Stefano-Okaka,it ITA,FW,Watford,0.2,1,0,0,1,1,0,0,0,0,0,0,0,1,1,100,1,0,0,0,,0
353,Shinji Okazaki\Shinji-Okazaki,jp JPN,FWMF,Leicester City,3,0,0,0,6,6,3,0,4,2,0,0,0,5,13,38.5,6,1,6,9,66.7,3
354,Divock Origi\Divock-Origi,be BEL,FW,Liverpool,4.1,0,0,0,2,5,3,5,4,1,0,0,0,8,15,53.3,9,0,6,9,66.7,3
355,Nicolás Otamendi\Nicolas-Otamendi,ar ARG,DF,Manchester City,13.7,1,0,0,8,3,0,1,16,28,0,0,0,1,1,100,1,0,29,31,93.5,2
356,Alex Oxlade-Chamberlain\Alex-Oxlade-Chamberlain,eng ENG,MFFW,Liverpool,0.2,0,0,0,0,1,0,0,0,1,0,0,0,1,1,100,1,0,1,1,100,0
357,Mesut Özil\Mesut-Ozil,de GER,MFFW,Arsenal,19.3,2,0,0,10,23,10,45,5,5,0,0,0,18,31,58.1,19,1,9,26,34.6,17
358,Emerson Palmieri\Emerson-Palmieri,it ITA,DF,Chelsea,7.3,0,0,0,8,6,0,28,8,6,0,0,0,10,14,71.4,11,1,17,21,81,4
359,Sokratis Papastathopoulos\Sokratis-Papastathopoulos,gr GRE,DF,Arsenal,24.4,12,0,0,37,25,0,1,32,27,0,1,0,8,8,100,8,0,50,68,73.5,18
360,Callum Paterson\Callum-Paterson,sco SCO,FWMF,Cardiff City,22.2,4,0,0,42,30,12,24,15,8,0,0,0,9,20,45,13,0,30,57,52.6,27
361,Rui Patrício\Rui-Patricio,pt POR,GK,Wolves,37,1,0,0,0,1,0,0,0,0,0,0,0,0,0,,0,0,0,2,0,2
362,Pedro\Pedro,es ESP,FW,Chelsea,19.8,2,0,0,17,26,8,61,15,17,0,0,0,38,55,69.1,38,3,23,39,59,16
363,Lee Peltier\Lee-Peltier,eng ENG,DF,Cardiff City,17.1,4,0,0,15,6,0,6,19,17,0,0,0,4,4,100,4,0,38,52,73.1,14
364,Andreas Pereira\Andreas-Pereira,br BRA,MF,Manchester Utd,6.6,5,0,0,12,6,1,13,6,9,0,0,0,10,15,66.7,10,0,8,17,47.1,9
365,Ricardo Pereira\Ricardo-Pereira,pt POR,DFFW,Leicester City,34.7,7,0,0,43,48,2,104,70,63,1,1,0,62,95,65.3,72,0,119,191,62.3,72
366,Roberto Pereyra\Roberto-Pereyra,ar ARG,FWMF,Watford,31.4,3,0,0,27,37,2,41,20,20,1,0,0,46,93,49.5,54,2,24,50,48,26
367,Ayoze Pérez\Ayoze-Perez,es ESP,FWMF,Newcastle Utd,32.5,2,0,0,46,42,9,22,35,42,0,0,0,63,98,64.3,67,4,52,104,50,52
368,Lucas Pérez\Lucas-Perez,es ESP,FW,West Ham,5.2,0,0,0,5,3,3,2,3,3,0,0,0,5,7,71.4,5,0,4,8,50,4
369,Jordan Pickford\Jordan-Pickford,eng ENG,GK,Everton,38,1,0,0,1,3,0,0,0,0,0,1,0,0,0,,0,0,0,0,,0
370,Paul Pogba\Paul-Pogba,fr FRA,MF,Manchester Utd,33.5,6,0,0,54,69,5,28,37,20,1,0,0,60,95,63.2,62,0,47,72,65.3,25
371,Alex Pritchard\Alex-Pritchard,eng ENG,MFFW,Huddersfield,23.2,2,0,0,14,51,7,79,18,17,0,0,0,33,67,49.3,39,2,28,67,41.8,39
372,Sebastian Prödl\Sebastian-Prodl,at AUT,DF,Watford,0.1,0,0,0,1,0,0,0,0,0,0,0,0,0,0,,0,0,0,0,,0
373,Davy Pröpper\Davy-Propper,nl NED,MF,Brighton,28.3,2,0,0,34,19,2,19,36,52,0,0,0,36,52,69.2,40,0,49,88,55.7,39
374,Jason Puncheon\Jason-Puncheon,eng ENG,MFFW,Huddersfield,4.3,1,0,0,9,2,1,9,4,4,0,0,0,8,13,61.5,8,0,7,15,46.7,8
375,Jason Puncheon\Jason-Puncheon,eng ENG,MF,Crystal Palace,0.1,0,0,0,3,0,0,0,0,0,0,0,0,0,0,,0,0,0,0,,0
376,Collin Quaner\Collin-Quaner,de GER,FWMF,Huddersfield,0.4,0,0,0,2,0,1,0,0,0,0,0,0,0,0,,0,0,0,1,0,1
377,Domingos Quina\Domingos-Quina,pt POR,MF,Watford,3.7,0,0,0,7,6,0,2,8,4,0,0,0,8,15,53.3,9,0,13,20,65,7
378,Joe Ralls\Joe-Ralls,eng ENG,MF,Cardiff City,21.8,4,1,0,29,11,1,79,37,27,0,0,0,4,5,80,4,0,50,74,67.6,24
379,Aaron Ramsey\Aaron-Ramsey,wal WAL,MFFW,Arsenal,14.8,0,0,0,21,20,5,16,19,7,0,0,0,12,21,57.1,14,1,31,49,63.3,18
380,Kayne Ramsey\Kayne-Ramsey,eng ENG,DF,Southampton,1,0,0,0,0,0,0,0,2,0,0,0,0,0,0,,0,0,3,3,100,0
381,Marcus Rashford\Marcus-Rashford,eng ENG,FW,Manchester Utd,26,3,1,0,26,52,15,54,9,4,1,1,0,48,90,53.3,52,5,19,38,50,19
382,Tim Ream\Tim-Ream,us USA,DF,Fulham,22.8,1,0,0,11,9,0,1,14,23,0,0,0,6,7,85.7,6,0,25,40,62.5,15
383,Nathan Redmond\Nathan-Redmond,eng ENG,FWMF,Southampton,36.4,3,0,0,29,28,15,77,29,22,0,0,0,107,177,60.5,116,9,43,74,58.1,31
384,Bobby Reid\Bobby-Reid,jm JAM,FWMF,Cardiff City,15.8,0,0,0,6,27,11,7,9,4,0,0,0,23,31,74.2,25,0,12,25,48,13
385,Declan Rice\Declan-Rice,eng ENG,MF,West Ham,33.4,4,0,0,17,8,1,3,68,50,0,0,0,25,33,75.8,25,0,93,151,61.6,58
386,Jazz Richards\Jazz-Richards,wal WAL,DFMF,Cardiff City,1.4,0,0,0,0,0,0,0,1,2,0,0,0,0,0,,0,0,1,1,100,0
387,Richarlison\Richarlison,br BRA,FWMF,Everton,29.8,5,1,0,33,73,17,48,34,15,2,0,0,41,80,51.3,50,2,55,72,76.4,17
388,Diego Rico\Diego-Rico,es ESP,DFMF,Bournemouth,6.7,1,0,0,10,11,0,38,5,14,0,1,0,5,8,62.5,6,0,12,21,57.1,9
389,Sergio Rico\Sergio-Rico,es ESP,GK,Fulham,29,1,0,0,1,5,0,0,0,1,0,1,0,0,0,,0,0,0,0,,0
390,Matt Ritchie\Matt-Ritchie,sco SCO,DFMF,Newcastle Utd,32.7,9,0,0,55,39,1,260,40,57,0,1,0,17,33,51.5,17,0,65,98,66.3,33
391,Andrew Robertson\Andrew-Robertson,sco SCO,DF,Liverpool,35.8,4,0,0,20,16,1,133,44,31,0,0,0,30,44,68.2,32,1,76,130,58.5,54
392,Marcos Rojo\Marcos-Rojo,ar ARG,DF,Manchester Utd,2.3,2,0,0,3,1,0,3,3,6,0,0,1,1,1,100,1,0,5,9,55.6,4
393,Oriol Romeu\Oriol-Romeu,es ESP,MF,Southampton,23.8,11,0,0,46,17,0,3,60,46,0,0,0,12,14,85.7,12,0,86,136,63.2,50
394,Salomón Rondón\Salomon-Rondon,ve VEN,FW,Newcastle Utd,29,1,0,0,22,26,20,15,8,6,1,0,0,20,43,46.5,24,4,11,29,37.9,18
395,Danny Rose\Danny-Rose,eng ENG,DFMF,Tottenham,20,5,0,0,26,47,1,87,29,23,1,0,0,35,64,54.7,39,6,51,68,75,17
396,Aaron Rowe\Aaron-Rowe,eng ENG,FW,Huddersfield,0.8,0,0,0,2,0,0,0,1,1,0,1,0,2,4,50,2,0,2,2,100,0
397,John Ruddy\John-Ruddy,eng ENG,GK,Wolves,1,0,0,0,0,0,0,0,0,0,0,0,0,0,0,,0,0,0,0,,0
398,Antonio Rüdiger\Antonio-Rudiger,de GER,DF,Chelsea,31.9,7,0,0,29,15,1,1,20,29,0,0,0,4,6,66.7,5,1,38,60,63.3,22
399,Mathew Ryan\Mathew-Ryan,au AUS,GK,Brighton,34,2,0,0,1,3,0,0,0,0,0,1,0,0,0,,0,0,0,2,0,2
400,Abdelhamid Sabiri\Abdelhamid-Sabiri,de GER,FW,Huddersfield,0.5,0,0,0,0,1,0,0,1,1,0,0,0,0,0,,0,0,2,2,100,0
401,Romain Saïss\Romain-Saiss,ma MAR,MFDF,Wolves,12.7,7,0,0,27,9,0,8,23,28,0,0,0,5,5,100,5,0,45,64,70.3,19
402,Bukayo Saka\Bukayo-Saka,eng ENG,FW,Arsenal,0.1,0,0,0,0,0,0,0,0,0,0,0,0,0,0,,0,0,0,0,,0
403,Mamadou Sakho\Mamadou-Sakho,fr FRA,DF,Crystal Palace,26.9,2,0,0,6,13,0,0,15,42,0,2,0,11,11,100,11,0,28,38,73.7,10
404,Bakary Sako\Bakary-Sako,ml MLI,FWMF,Crystal Palace,0.3,0,0,0,1,0,1,3,1,0,0,0,0,0,2,0,0,0,2,2,100,0
405,Mohamed Salah\Mohamed-Salah,eg EGY,FW,Liverpool,36.2,1,0,0,25,32,28,57,14,5,5,0,0,79,139,56.8,86,8,16,30,53.3,14
406,Alexis Sánchez\Alexis-Sanchez,cl CHI,FW,Manchester Utd,9.7,3,0,0,15,18,8,23,8,9,0,0,0,20,28,71.4,21,0,14,25,56,11
407,Carlos Sánchez\Carlos-Sanchez,co COL,MF,West Ham,2.7,0,0,0,3,1,0,0,1,1,0,0,0,6,8,75,6,0,2,8,25,6
408,Davinson Sánchez\Davinson-Sanchez,co COL,DF,Tottenham,21.6,2,0,0,20,10,0,0,23,27,0,0,0,0,1,0,0,0,36,52,69.2,16
409,Leroy Sané\Leroy-Sane,de GER,FW,Manchester City,20.7,1,0,0,10,14,19,99,19,9,1,0,0,60,104,57.7,65,6,23,39,59,16
410,Fabian Schär\Fabian-Schar,ch SUI,DF,Newcastle Utd,22.3,12,0,0,28,20,1,17,28,65,0,1,0,12,19,63.2,13,0,63,101,62.4,38
411,Christopher Schindler\Christopher-Schindler,de GER,DF,Huddersfield,36.2,5,1,1,26,20,0,0,45,67,0,1,0,1,2,50,1,0,75,108,69.4,33
412,Jeffrey Schlupp\Jeffrey-Schlupp,gh GHA,MFFW,Crystal Palace,18.5,1,0,0,25,14,0,18,19,22,1,0,0,26,39,66.7,28,1,41,65,63.1,24
413,Kasper Schmeichel\Kasper-Schmeichel,dk DEN,GK,Leicester City,38,3,0,0,0,4,0,1,0,3,0,0,0,2,2,100,2,0,0,0,,0
414,Morgan Schneiderlin\Morgan-Schneiderlin,fr FRA,MF,Everton,9.3,2,0,0,21,8,0,2,14,15,0,0,0,7,8,87.5,7,0,24,40,60,16
415,André Schürrle\Andre-Schurrle,de GER,FWMF,Fulham,18.3,2,0,0,17,19,11,41,16,8,0,0,0,27,54,50,30,2,22,59,37.3,37
416,Ken Sema\Ken-Sema,se SWE,FWMF,Watford,8.4,1,0,0,13,9,1,11,9,8,0,0,0,22,41,53.7,22,1,13,24,54.2,11
417,Jean Seri\Jean-Seri,ci CIV,MF,Fulham,25,6,0,0,33,23,1,108,35,33,0,0,0,16,21,76.2,16,0,47,75,62.7,28
418,Ryan Sessegnon\Ryan-Sessegnon,eng ENG,FWDF,Fulham,25.5,0,0,0,20,22,16,68,25,17,0,0,0,32,65,49.2,35,3,37,55,67.3,18
419,Xherdan Shaqiri\Xherdan-Shaqiri,ch SUI,FWMF,Liverpool,11.7,2,0,0,9,14,2,47,4,5,0,0,0,8,14,57.1,8,0,9,24,37.5,15
420,Luke Shaw\Luke-Shaw,eng ENG,DF,Manchester Utd,28.8,11,0,0,42,18,1,51,25,22,0,0,0,28,39,71.8,30,0,45,69,65.2,24
421,Jonjo Shelvey\Jonjo-Shelvey,eng ENG,MF,Newcastle Utd,10.5,1,0,0,16,5,0,50,9,8,0,0,0,14,17,82.4,15,0,19,34,55.9,15
422,Gylfi Sigurðsson\Gylfi-Sigurdsson,is ISL,MF,Everton,34.8,3,0,0,33,39,3,196,31,29,0,0,0,38,62,61.3,42,0,47,80,58.8,33
423,Adrien Silva\Adrien-Silva,pt POR,MF,Leicester City,1,0,0,0,1,2,0,0,1,1,0,0,0,0,0,,0,0,2,3,66.7,1
424,Bernardo Silva\Bernardo-Silva,pt POR,MFFW,Manchester City,31.7,3,0,0,31,24,2,71,46,27,1,0,0,50,81,61.7,55,5,58,111,52.3,53
425,David Silva\David-Silva,es ESP,MF,Manchester City,26.8,2,0,0,26,25,6,74,22,19,0,0,0,27,42,64.3,31,0,27,49,55.1,22
426,Xande Silva\Xande-Silva,pt POR,FW,West Ham,0.2,0,0,0,0,0,0,0,0,0,0,0,0,0,0,,0,0,0,0,,0
427,Danny Simpson\Danny-Simpson,eng ENG,DF,Leicester City,3.2,0,0,0,2,0,0,1,7,6,0,0,0,0,0,,0,0,9,12,75,3
428,Jack Simpson\Jack-Simpson,eng ENG,DF,Bournemouth,4.5,0,0,0,3,1,0,0,4,10,0,1,1,0,0,,0,0,7,9,77.8,2
429,Josh Sims\Josh-Sims,eng ENG,FWMF,Southampton,2.3,0,0,0,1,5,1,1,0,1,0,0,0,3,4,75,3,0,1,1,100,0
430,Moussa Sissoko\Moussa-Sissoko,fr FRA,MF,Tottenham,26,2,0,0,25,19,3,28,30,16,0,0,0,45,69,65.2,49,1,45,67,67.2,22
431,Oliver Skipp\Oliver-Skipp,eng ENG,MFFW,Tottenham,2.4,0,0,0,4,3,0,0,3,1,0,0,0,2,3,66.7,3,0,5,8,62.5,3
432,Callum Slattery\Callum-Slattery,eng ENG,MF,Southampton,1.2,0,0,0,4,3,0,1,2,2,0,0,0,1,2,50,1,0,4,8,50,4
433,Chris Smalling\Chris-Smalling,eng ENG,DF,Manchester Utd,23.6,1,0,0,22,8,2,0,15,27,0,1,1,1,2,50,1,0,29,38,76.3,9
434,Adam Smith\Adam-Smith,eng ENG,DF,Bournemouth,23,5,1,0,18,44,0,23,28,32,0,1,0,18,37,48.6,19,0,49,70,70,21
435,Tommy Smith\Tommy-Smith,eng ENG,DF,Huddersfield,12.7,2,1,0,11,6,0,24,15,18,0,0,0,4,7,57.1,4,0,25,46,54.3,21
436,Robert Snodgrass\Robert-Snodgrass,sco SCO,MFFW,West Ham,24.7,10,0,0,36,49,3,169,27,11,0,1,0,34,59,57.6,37,1,45,80,56.3,35
437,Cédric Soares\Cedric-Soares,pt POR,DF,Southampton,16.6,4,0,0,9,7,1,64,17,21,0,0,0,9,14,64.3,9,0,28,43,65.1,15
438,Ramadan Sobhi\Ramadan-Sobhi,eg EGY,FW,Huddersfield,0.8,0,0,0,0,1,0,3,2,0,0,0,0,3,5,60,3,0,2,2,100,0
439,Dominic Solanke\Dominic-Solanke,eng ENG,FW,Bournemouth,3.8,0,0,0,2,9,1,1,6,2,0,0,0,9,14,64.3,9,0,8,12,66.7,4
440,Pape Souaré\Pape-Souare,sn SEN,DF,Crystal Palace,0,0,0,0,0,1,0,0,0,0,0,0,0,0,0,,0,0,0,0,,0
441,Çağlar Söyüncü\Caglar-Soyuncu,tr TUR,DF,Leicester City,4.1,1,0,0,9,2,0,2,5,6,0,1,0,4,5,80,4,0,7,11,63.6,4
442,Julián Speroni\Julian-Speroni,ar ARG,GK,Crystal Palace,1,0,0,0,0,0,0,0,0,0,0,0,0,0,0,,0,0,0,0,,0
443,Junior Stanislas\Junior-Stanislas,eng ENG,MFFW,Bournemouth,11.4,1,0,0,6,10,3,37,7,3,0,0,0,17,28,60.7,18,2,11,18,61.1,7
444,Dale Stephens\Dale-Stephens,eng ENG,MF,Brighton,27.6,6,1,0,44,10,0,2,53,49,0,0,0,11,15,73.3,11,0,76,132,57.6,56
445,Jack Stephens\Jack-Stephens,eng ENG,DF,Southampton,18.8,4,0,0,13,7,0,2,15,34,0,1,0,3,6,50,4,0,24,43,55.8,19
446,Raheem Sterling\Raheem-Sterling,eng ENG,FW,Manchester City,30.9,3,0,0,41,44,13,75,17,16,2,0,0,86,142,60.6,91,7,29,40,72.5,11
447,John Stones\John-Stones,eng ENG,DF,Manchester City,19.6,1,0,0,6,7,1,2,11,15,0,0,0,5,5,100,5,0,15,19,78.9,4
448,Daniel Sturridge\Daniel-Sturridge,eng ENG,FWMF,Liverpool,5.5,1,0,0,5,10,4,3,2,2,0,0,0,5,6,83.3,5,0,3,5,60,2
449,Denis Suárez\Denis-Suarez,es ESP,FW,Arsenal,0.7,0,0,0,0,1,1,0,1,1,0,0,0,3,6,50,3,0,1,1,100,0
450,Isaac Success\Isaac-Success,ng NGA,FWMF,Watford,11.5,4,0,0,24,48,12,13,17,2,0,0,0,16,32,50,18,1,21,23,91.3,2
451,Ki Sung-yueng\Ki-Sung-yueng,kr KOR,MF,Newcastle Utd,14.5,2,0,0,12,16,0,55,10,20,0,0,0,4,9,44.4,5,1,15,27,55.6,12
452,Andrew Surman\Andrew-Surman,eng ENG,MF,Bournemouth,16,2,0,0,8,6,0,2,8,10,0,0,0,4,6,66.7,4,0,13,24,54.2,11
453,Sam Surridge\Sam-Surridge,eng ENG,FWDF,Bournemouth,0.1,0,0,0,0,1,0,0,0,0,0,0,0,0,0,,0,0,0,0,,0
454,Alexander Sørloth\Alexander-Sorloth,no NOR,FWMF,Crystal Palace,1.9,0,0,0,4,2,0,1,1,0,0,0,0,1,2,50,1,0,1,3,33.3,2
455,Matt Targett\Matt-Targett,eng ENG,DFMF,Southampton,13.2,2,0,0,8,10,1,77,15,26,0,0,0,2,7,28.6,2,0,27,46,58.7,19
456,James Tarkowski\James-Tarkowski,eng ENG,DF,Burnley,34.3,8,0,0,35,32,4,6,39,40,0,0,0,7,11,63.6,9,0,71,99,71.7,28
457,Charlie Taylor\Charlie-Taylor,eng ENG,DF,Burnley,36,2,0,0,15,48,1,119,34,35,0,0,0,41,73,56.2,43,2,56,81,69.1,25
458,Youri Tielemans\Youri-Tielemans,be BEL,MF,Leicester City,12.1,2,0,0,11,15,0,16,11,4,0,0,0,13,20,65,13,1,14,28,50,14
459,James Tomkins\James-Tomkins,eng ENG,DF,Crystal Palace,28.5,5,0,0,16,12,2,1,28,39,0,0,0,1,1,100,1,0,45,61,73.8,16
460,Lucas Torreira\Lucas-Torreira,uy URU,MF,Arsenal,26.4,7,1,0,37,77,0,28,46,41,0,0,0,22,30,73.3,23,1,57,93,61.3,36
461,Cenk Tosun\Cenk-Tosun,tr TUR,FW,Everton,11.7,3,0,0,17,16,10,4,11,5,0,0,0,7,18,38.9,9,0,13,20,65,7
462,Andros Townsend\Andros-Townsend,eng ENG,FWMF,Crystal Palace,33.5,1,0,0,10,57,9,163,39,37,1,0,0,75,117,64.1,79,1,60,121,49.6,61
463,Adama Traoré\Adama-Traore,es ESP,FWDF,Wolves,9.9,1,0,0,15,26,7,37,8,6,0,0,0,57,76,75,63,0,16,20,80,4
464,Mark Travers\Mark-Travers,ie IRL,GK,Bournemouth,2,0,0,0,0,0,0,0,0,0,0,0,0,0,0,,0,0,0,0,,0
465,Kieran Trippier\Kieran-Trippier,eng ENG,DF,Tottenham,25.3,2,0,0,20,24,6,183,38,23,0,0,1,9,19,47.4,10,4,66,94,70.2,28
466,Antonio Valencia\Antonio-Valencia,ec ECU,DFMF,Manchester Utd,5.2,2,0,0,7,4,0,9,4,5,0,0,0,3,5,60,3,0,10,13,76.9,3
467,Yan Valery\Yan-Valery,fr FRA,DFMF,Southampton,19,4,1,1,28,6,2,54,27,20,0,0,0,22,46,47.8,26,1,50,66,75.8,16
468,Jamie Vardy\Jamie-Vardy,eng ENG,FW,Leicester City,30.4,3,1,0,20,19,37,30,13,5,2,0,0,19,33,57.6,21,1,20,31,64.5,11
469,Jan Vertonghen\Jan-Vertonghen,be BEL,DF,Tottenham,21.3,4,1,1,11,10,1,27,31,33,0,2,0,9,14,64.3,10,0,40,52,76.9,12
470,Jannik Vestergaard\Jannik-Vestergaard,dk DEN,DF,Southampton,22.6,2,0,0,16,14,1,1,33,34,0,0,0,12,14,85.7,12,0,55,81,67.9,26
471,Luciano Vietto\Luciano-Vietto,ar ARG,FWMF,Fulham,10.9,1,0,0,13,19,0,19,12,6,0,1,0,13,27,48.1,15,0,15,25,60,10
472,Rúben Vinagre\Ruben-Vinagre,pt POR,DFMF,Wolves,7.8,1,0,0,13,10,1,52,7,14,0,0,0,14,22,63.6,14,3,12,14,85.7,2
473,Sam Vokes\Sam-Vokes,wal WAL,FW,Burnley,10.1,0,0,0,14,9,8,1,0,0,0,0,0,3,5,60,3,0,5,5,100,0
474,Michel Vorm\Michel-Vorm,nl NED,GK,Tottenham,2,0,0,0,0,0,0,0,0,0,0,0,0,0,0,,0,0,0,0,,0
475,Matěj Vydra\Matej-Vydra,cz CZE,FWMF,Burnley,3.5,1,0,0,7,1,2,1,3,1,0,0,0,3,8,37.5,3,0,4,9,44.4,5
476,Theo Walcott\Theo-Walcott,eng ENG,FWMF,Everton,23.6,1,0,0,11,26,19,53,14,23,0,0,0,25,48,52.1,27,1,26,40,65,14
477,Kyle Walker\Kyle-Walker,eng ENG,DF,Manchester City,30.9,3,0,0,15,14,4,59,31,38,0,1,0,23,34,67.6,25,0,46,65,70.8,19
478,Kyle Walker-Peters\Kyle-Walker-Peters,eng ENG,DF,Tottenham,4.2,1,0,0,4,10,1,7,2,5,0,0,0,7,9,77.8,8,1,6,9,66.7,3
479,Aaron Wan-Bissaka\Aaron-Wan-Bissaka,eng ENG,DF,Crystal Palace,34.8,4,1,0,23,16,3,56,60,86,0,1,0,75,102,73.5,78,4,134,151,88.7,17
480,Victor Wanyama\Victor-Wanyama,ke KEN,MF,Tottenham,5.7,2,0,0,10,6,0,3,14,7,0,0,0,5,8,62.5,6,0,21,28,75,7
481,Danny Ward\Danny-Ward,eng ENG,FW,Cardiff City,4.9,0,0,0,2,7,3,3,1,1,0,0,0,1,1,100,1,0,1,5,20,4
482,Joel Ward\Joel-Ward,eng ENG,DF,Crystal Palace,6.1,1,0,0,8,6,1,8,8,10,0,0,0,2,4,50,2,0,13,19,68.4,6
483,Stephen Ward\Stephen-Ward,ie IRL,DF,Burnley,2.6,1,0,0,2,3,0,8,2,3,0,0,0,2,3,66.7,2,0,2,3,66.7,1
484,James Ward-Prowse\James-Ward-Prowse,eng ENG,MFDF,Southampton,21.6,4,0,0,23,10,3,145,22,24,0,1,1,6,12,50,7,0,43,84,51.2,41
485,Danny Welbeck\Danny-Welbeck,eng ENG,FWMF,Arsenal,1.6,0,0,0,3,2,0,0,3,1,0,0,0,3,7,42.9,3,0,3,6,50,3
486,Ashley Westwood\Ashley-Westwood,eng ENG,MF,Burnley,31.4,5,0,0,30,22,1,88,40,46,0,0,0,11,18,61.1,11,0,63,97,64.9,34
487,Connor Wickham\Connor-Wickham,eng ENG,FW,Crystal Palace,0.7,0,0,0,3,0,0,1,0,0,0,0,0,0,0,,0,0,0,0,,0
488,Georginio Wijnaldum\Georginio-Wijnaldum,nl NED,MF,Liverpool,30.4,3,0,0,19,30,2,15,32,24,0,0,0,33,52,63.5,36,3,43,58,74.1,15
489,Danny Williams\Danny-Williams,us USA,MF,Huddersfield,1,1,0,0,3,1,0,0,0,1,0,0,0,1,3,33.3,1,0,1,2,50,1
490,Willian\Willian,br BRA,FW,Chelsea,23.4,2,0,0,12,31,11,170,25,14,1,0,0,37,62,59.7,41,0,37,60,61.7,23
491,Joe Willock\Joe-Willock,eng ENG,MF,Arsenal,0.7,0,0,0,0,2,0,0,0,1,0,0,0,1,3,33.3,1,0,1,1,100,0
492,Ben Wilmot\Ben-Wilmot,eng ENG,MF,Watford,0.3,0,0,0,0,0,0,0,0,0,0,0,0,0,0,,0,0,0,1,0,1
493,Jack Wilshere\Jack-Wilshere,eng ENG,MF,West Ham,4.3,2,0,0,7,12,0,2,4,7,0,0,0,8,9,88.9,8,0,5,9,55.6,4
494,Callum Wilson\Callum-Wilson,eng ENG,FW,Bournemouth,28.2,3,0,0,42,32,20,20,9,6,3,0,0,22,43,51.2,27,0,11,22,50,11
495,Harry Winks\Harry-Winks,eng ENG,MF,Tottenham,17.7,4,0,0,17,15,2,8,21,21,0,0,0,16,23,69.6,18,1,24,51,47.1,27
496,Chris Wood\Chris-Wood,nz NZL,FW,Burnley,28.8,2,0,0,28,24,53,13,9,3,0,0,0,14,23,60.9,15,0,10,25,40,15
497,Granit Xhaka\Granit-Xhaka,ch SUI,MFDF,Arsenal,27.8,10,0,0,45,51,1,130,38,33,0,2,0,16,22,72.7,16,0,62,105,59,43
498,Andriy Yarmolenko\Andriy-Yarmolenko,ua UKR,FWMF,West Ham,5.1,2,0,0,8,8,1,10,2,2,0,0,0,4,7,57.1,4,0,2,7,28.6,5
499,DeAndre Yedlin\DeAndre-Yedlin,us USA,DF,Newcastle Utd,27.5,6,1,0,41,14,4,76,27,29,0,3,1,10,28,35.7,10,2,52,83,62.7,31
500,Maya Yoshida\Maya-Yoshida,jp JPN,DF,Southampton,16.9,0,0,0,4,7,2,0,10,44,0,0,0,2,3,66.7,2,0,19,32,59.4,13
501,Ashley Young\Ashley-Young,eng ENG,DF,Manchester Utd,28.5,9,1,1,38,32,4,197,29,53,0,0,0,22,38,57.9,23,3,56,79,70.9,23
502,Pablo Zabaleta\Pablo-Zabaleta,ar ARG,DF,West Ham,23.2,4,0,0,18,29,2,48,28,48,0,0,0,10,14,71.4,10,1,52,92,56.5,40
503,Wilfried Zaha\Wilfried-Zaha,ci CIV,FW,Crystal Palace,33.8,9,1,1,45,102,16,37,33,9,5,0,0,143,246,58.1,155,8,43,64,67.2,21
504,Andre-Frank Zambo Anguissa\Andre-Frank-Zambo-Anguissa,cm CMR,MF,Fulham,16.9,2,1,1,24,18,2,2,33,30,0,0,0,31,41,75.6,33,0,45,84,53.6,39
505,Davide Zappacosta\Davide-Zappacosta,it ITA,DF,Chelsea,1.4,0,0,0,2,1,0,1,1,3,0,0,0,4,6,66.7,4,0,1,3,33.3,2
506,Oleksandr Zinchenko\Oleksandr-Zinchenko,ua UKR,DF,Manchester City,12.8,1,0,0,15,5,1,39,16,22,0,0,0,7,16,43.8,8,1,31,54,57.4,23
507,Kenneth Zohore\Kenneth-Zohore,dk DEN,FW,Cardiff City,8.3,1,0,0,14,20,4,8,1,2,0,0,0,5,7,71.4,5,0,3,5,60,2
508,Kurt Zouma\Kurt-Zouma,fr FRA,DF,Everton,29,4,1,1,21,16,2,2,20,50,0,0,0,4,7,57.1,5,0,34,41,82.9,7
