Rk,Player,Nation,Pos,Squad,90s,Gls,PK,PKatt,Sh,SoT,FK,SoT%,Sh/90,SoT/90,G/Sh,G/SoT
1,Patrick van Aanholt\Patrick-van-Aanholt,nl NED,DF,Crystal Palace,35.5,3,0,0,44,12,0,27.3,1.24,0.34,0.07,0.25
2,Sergio Agüero\Sergio-Aguero,ar ARG,FW,Manchester City,27.6,21,2,2,118,41,3,34.7,4.28,1.49,0.16,0.46
3,Nathan Aké\Nathan-Ake,nl NED,DF,Bournemouth,37.9,4,0,0,22,8,0,36.4,0.58,0.21,0.18,0.5
4,Marc Albrighton\Marc-Albrighton,eng ENG,FWMF,Leicester City,18.1,2,0,0,19,7,0,36.8,1.05,0.39,0.11,0.29
5,Toby Alderweireld\Toby-Alderweireld,be BEL,DF,Tottenham,32.5,0,0,0,17,6,0,35.3,0.52,0.18,0,0
6,Trent Alexander-Arnold\Trent-Alexander-Arnold,eng ENG,DF,Liverpool,27.4,1,0,0,29,9,9,31,1.06,0.33,0.03,0.11
7,Alisson\Alisson,br BRA,GK,Liverpool,38,0,0,0,0,0,0,,0,0,,
8,Dele Alli\Dele-Alli,eng ENG,MFFW,Tottenham,20.4,5,0,0,40,18,1,45,1.97,0.88,0.13,0.28
9,Miguel Almirón\Miguel-Almiron,py PAR,FWMF,Newcastle Utd,8.5,0,0,0,19,8,0,42.1,2.24,0.94,0,0
10,Marcos Alonso\Marcos-Alonso,es ESP,DF,Chelsea,30.7,2,0,0,43,7,8,16.3,1.4,0.23,0.05,0.29
11,Daniel Amartey\Daniel-Amartey,gh GHA,DF,Leicester City,7.1,0,0,0,4,1,0,25,0.56,0.14,0,0
12,Luke Amos\Luke-Amos,eng ENG,MF,Tottenham,0,0,0,0,0,0,0,,0,0,,
13,Felipe Anderson\Felipe-Anderson,br BRA,FWMF,West Ham,33.9,9,0,0,58,24,5,41.4,1.71,0.71,0.16,0.38
14,Florin Andone\Florin-Andone,ro ROU,FW,Brighton,9.7,3,0,0,19,7,0,36.8,1.96,0.72,0.16,0.43
15,Michail Antonio\Michail-Antonio,eng ENG,FWMF,West Ham,23.3,6,0,0,65,25,0,38.5,2.79,1.07,0.09,0.24
16,Stuart Armstrong\Stuart-Armstrong,sco SCO,MFFW,Southampton,15.9,3,0,0,32,12,0,37.5,2.01,0.75,0.09,0.25
17,Marko Arnautović\Marko-Arnautovic,at AUT,FW,West Ham,22.2,10,1,1,62,30,3,48.4,2.79,1.35,0.15,0.3
18,Kepa Arrizabalaga\Kepa-Arrizabalaga,es ESP,GK,Chelsea,36,0,0,0,0,0,0,,0,0,,
19,Harry Arter\Harry-Arter,ie IRL,MF,Cardiff City,22.3,0,0,0,23,4,0,17.4,1.03,0.18,0,0
20,Christian Atsu\Christian-Atsu,gh GHA,MFFW,Newcastle Utd,16.5,1,0,0,28,14,0,50,1.69,0.85,0.04,0.07
21,Pierre-Emerick Aubameyang\Pierre-Emerick-Aubameyang,ga GAB,FW,Arsenal,30.4,22,4,5,89,34,0,38.2,2.93,1.12,0.2,0.53
22,Serge Aurier\Serge-Aurier,ci CIV,DFMF,Tottenham,6.3,0,0,0,4,1,0,25,0.64,0.16,0,0
23,Charlie Austin\Charlie-Austin,eng ENG,FW,Southampton,10.9,2,0,1,33,8,0,24.2,3.03,0.73,0.06,0.25
24,Jordan Ayew\Jordan-Ayew,gh GHA,FW,Crystal Palace,13.2,1,0,0,26,3,0,11.5,1.97,0.23,0.04,0.33
25,Floyd Ayité\Floyd-Ayite,tg TOG,FWMF,Fulham,5.2,1,0,0,7,1,0,14.3,1.35,0.19,0.14,1
26,César Azpilicueta\Cesar-Azpilicueta,es ESP,DF,Chelsea,37.8,1,0,0,17,7,0,41.2,0.45,0.19,0.06,0.14
27,Ryan Babel\Ryan-Babel,nl NED,FW,Fulham,14,5,0,0,25,9,0,36,1.79,0.64,0.2,0.56
28,Juninho Bacuna\Juninho-Bacuna,cw CUW,MFDF,Huddersfield,15.7,1,0,0,17,8,2,47.1,1.08,0.51,0.06,0.13
29,Leandro Bacuna\Leandro-Bacuna,cw CUW,MFDF,Cardiff City,6.2,0,0,0,5,1,0,20,0.81,0.16,0,0
30,Eric Bailly\Eric-Bailly,ci CIV,DF,Manchester Utd,7.1,0,0,0,3,1,0,33.3,0.42,0.14,0,0
31,Leighton Baines\Leighton-Baines,eng ENG,DF,Everton,4.2,0,0,0,2,1,1,50,0.48,0.24,0,0
32,Fabián Balbuena\Fabian-Balbuena,py PAR,DF,West Ham,22.4,1,0,0,17,2,0,11.8,0.76,0.09,0.06,0.5
33,Leon Balogun\Leon-Balogun,ng NGA,DF,Brighton,6.6,1,0,0,3,1,0,33.3,0.46,0.15,0.33,1
34,Sol Bamba\Sol-Bamba,ci CIV,DF,Cardiff City,27.5,4,0,0,21,8,0,38.1,0.76,0.29,0.19,0.5
35,Phil Bardsley\Phil-Bardsley,sco SCO,DF,Burnley,18.6,0,0,0,12,1,0,8.3,0.65,0.05,0,0
36,Ross Barkley\Ross-Barkley,eng ENG,MF,Chelsea,13.8,3,0,0,38,8,1,21.1,2.76,0.58,0.08,0.38
37,Ashley Barnes\Ashley-Barnes,at AUT,FW,Burnley,26.5,12,2,2,61,27,0,44.3,2.3,1.02,0.16,0.37
38,Harvey Barnes\Harvey-Barnes,eng ENG,FWMF,Leicester City,11.2,2,0,0,39,11,0,28.2,3.48,0.98,0.05,0.18
39,Antonio Barreca\Antonio-Barreca,it ITA,DF,Newcastle Utd,0,0,0,0,0,0,0,,0,0,,
40,Michy Batshuayi\Michy-Batshuayi,be BEL,FW,Crystal Palace,8.4,5,0,0,26,10,0,38.5,3.1,1.19,0.19,0.5
41,Jan Bednarek\Jan-Bednarek,pl POL,DF,Southampton,23.9,0,0,0,6,1,0,16.7,0.25,0.04,0,0
42,Asmir Begović\Asmir-Begovic,ba BIH,GK,Bournemouth,24,0,0,0,0,0,0,,0,0,,
43,Héctor Bellerín\Hector-Bellerin,es ESP,DF,Arsenal,17,0,0,0,18,4,0,22.2,1.06,0.23,0,0
44,Joe Bennett\Joe-Bennett,eng ENG,DF,Cardiff City,29.3,0,0,0,10,3,3,30,0.34,0.1,0,0
45,Ryan Bennett\Ryan-Bennett,eng ENG,DF,Wolves,34,1,0,0,15,3,0,20,0.44,0.09,0.07,0.33
46,Christian Benteke\Christian-Benteke,be BEL,FW,Crystal Palace,9,1,0,0,29,8,0,27.6,3.21,0.89,0.03,0.13
47,Jóhann Berg Guðmundsson\Johann-Berg-Gudmundsson,is ISL,MFFW,Burnley,19.4,3,0,0,34,11,7,32.4,1.75,0.57,0.09,0.27
48,Bernard\Bernard,br BRA,FWMF,Everton,23.6,1,0,0,24,5,0,20.8,1.02,0.21,0.04,0.2
49,Bernardo\Bernardo,br BRA,DF,Brighton,19.4,0,0,0,8,3,0,37.5,0.41,0.15,0,0
50,Ryan Bertrand\Ryan-Bertrand,eng ENG,DF,Southampton,24,1,0,0,15,2,3,13.3,0.62,0.08,0.07,0.5
51,Marcus Bettinelli\Marcus-Bettinelli,eng ENG,GK,Fulham,7,0,0,0,0,0,0,,0,0,,
52,Philip Billing\Philip-Billing,dk DEN,MF,Huddersfield,24.3,2,0,0,43,9,3,20.9,1.77,0.37,0.05,0.22
53,Yves Bissouma\Yves-Bissouma,ml MLI,MF,Brighton,19.7,0,0,0,31,3,3,9.7,1.58,0.15,0,0
54,Willy Boly\Willy-Boly,fr FRA,DF,Wolves,35.2,4,0,0,22,6,0,27.3,0.62,0.17,0.18,0.67
55,Léo Bonatini\Leo-Bonatini,br BRA,FW,Wolves,1.4,0,0,0,9,1,0,11.1,6.28,0.7,0,0
56,Gaëtan Bong\Gaetan-Bong,cm CMR,DF,Brighton,20.1,0,0,0,2,0,0,0,0.1,0,0,
57,Artur Boruc\Artur-Boruc,pl POL,GK,Bournemouth,12,0,0,0,0,0,0,,0,0,,
58,Robbie Brady\Robbie-Brady,ie IRL,MFFW,Burnley,8,0,0,0,12,2,2,16.7,1.51,0.25,0,0
59,Miguel Britos\Miguel-Britos,uy URU,DF,Watford,2.1,0,0,0,0,0,0,,0,0,,
60,David Brooks\David-Brooks,wal WAL,MFFW,Bournemouth,25.3,7,0,0,41,21,0,51.2,1.62,0.83,0.17,0.33
61,Bruno\Bruno,es ESP,DF,Brighton,12.6,0,0,0,2,0,0,0,0.16,0,0,
62,Joe Bryan\Joe-Bryan,eng ENG,DF,Fulham,26.1,0,0,0,21,7,0,33.3,0.8,0.27,0,0
63,David Button\David-Button,eng ENG,GK,Brighton,4,0,0,0,0,0,0,,0,0,,
64,Willy Caballero\Willy-Caballero,ar ARG,GK,Chelsea,2,0,0,0,0,0,0,,0,0,,
65,Gary Cahill\Gary-Cahill,eng ENG,DF,Chelsea,0.2,0,0,0,0,0,0,,0,0,,
66,Tom Cairney\Tom-Cairney,sco SCO,MFFW,Fulham,24.4,1,0,0,24,5,0,20.8,0.98,0.2,0.04,0.2
67,Dominic Calvert-Lewin\Dominic-Calvert-Lewin,eng ENG,FW,Everton,19.7,6,0,0,55,17,0,30.9,2.79,0.86,0.11,0.35
68,Rafael Camacho\Rafael-Camacho,pt POR,DF,Liverpool,0,0,0,0,0,0,0,,,,,
69,Víctor Camarasa\Victor-Camarasa,es ESP,MF,Cardiff City,28.7,4,0,0,39,10,5,25.6,1.36,0.35,0.1,0.4
70,Étienne Capoue\Etienne-Capoue,fr FRA,MF,Watford,32.7,1,0,0,17,3,5,17.6,0.52,0.09,0.06,0.33
71,Andy Carroll\Andy-Carroll,eng ENG,FW,West Ham,5.1,0,0,0,14,6,0,42.9,2.77,1.19,0,0
72,Jonny Castro\Jonny-Castro,es ESP,DFMF,Wolves,30.9,1,0,0,26,7,0,26.9,0.84,0.23,0.04,0.14
73,Craig Cathcart\Craig-Cathcart,nir NIR,DF,Watford,34.4,4,0,0,16,6,0,37.5,0.46,0.17,0.25,0.67
74,Ivan Cavaleiro\Ivan-Cavaleiro,pt POR,FWMF,Wolves,7.6,3,0,0,12,4,0,33.3,1.58,0.53,0.25,0.75
75,Petr Čech\Petr-Cech,cz CZE,GK,Arsenal,6.5,0,0,0,0,0,0,,0,0,,
76,Nathaniel Chalobah\Nathaniel-Chalobah,eng ENG,MFFW,Watford,3,0,0,0,2,1,0,50,0.68,0.34,0,0
77,Calum Chambers\Calum-Chambers,eng ENG,MFDF,Fulham,28.7,2,0,0,35,12,0,34.3,1.22,0.42,0.06,0.17
78,Ben Chilwell\Ben-Chilwell,eng ENG,DF,Leicester City,36,0,0,0,20,10,0,50,0.56,0.28,0,0
79,Tahith Chong\Tahith-Chong,nl NED,FW,Manchester Utd,0.4,0,0,0,2,1,0,50,5,2.5,0,0
80,Hamza Choudhury\Hamza-Choudhury,eng ENG,MF,Leicester City,6.6,0,0,0,4,2,0,50,0.6,0.3,0,0
81,Andreas Christensen\Andreas-Christensen,dk DEN,DF,Chelsea,6.8,0,0,0,0,0,0,,0,0,,
82,Cyrus Christie\Cyrus-Christie,ie IRL,DF,Fulham,21.6,0,0,0,11,4,0,36.4,0.51,0.19,0,0
83,Ibrahima Cissé\Ibrahima-Cisse,gn GUI,MFFW,Fulham,1,0,0,0,0,0,0,,0,0,,
84,Ciaran Clark\Ciaran-Clark,ie IRL,DF,Newcastle Utd,9.5,3,0,0,7,3,0,42.9,0.73,0.31,0.43,1
85,Tom Cleverley\Tom-Cleverley,eng ENG,MFFW,Watford,5.2,0,0,0,3,1,1,33.3,0.57,0.19,0,0
86,Nathaniel Clyne\Nathaniel-Clyne,eng ENG,DF,Liverpool,1.2,0,0,0,3,0,0,0,2.5,0,0,
87,Nathaniel Clyne\Nathaniel-Clyne,eng ENG,DF,Bournemouth,12.7,0,0,0,2,0,0,0,0.16,0,0,
88,Conor Coady\Conor-Coady,eng ENG,DF,Wolves,38,0,0,0,0,0,0,,0,0,,
89,Joel Coleman\Joel-Coleman,eng ENG,GK,Huddersfield,1,0,0,0,0,0,0,,0,0,,
90,Séamus Coleman\Seamus-Coleman,ie IRL,DF,Everton,28.4,2,0,0,13,5,0,38.5,0.46,0.18,0.15,0.4
91,Lewis Cook\Lewis-Cook,eng ENG,MF,Bournemouth,8,0,0,0,3,0,0,0,0.37,0,0,
92,Steve Cook\Steve-Cook,eng ENG,DF,Bournemouth,31,1,0,0,22,8,0,36.4,0.71,0.26,0.05,0.13
93,Jack Cork\Jack-Cork,eng ENG,MF,Burnley,36.8,1,0,0,15,2,0,13.3,0.41,0.05,0.07,0.5
94,Hélder Costa\Helder-Costa,pt POR,FWMF,Wolves,15,1,0,0,25,7,0,28,1.67,0.47,0.04,0.14
95,Aaron Cresswell\Aaron-Cresswell,eng ENG,DF,West Ham,17.7,0,0,0,11,0,2,0,0.62,0,0,
96,Peter Crouch\Peter-Crouch,eng ENG,FW,Burnley,1,0,0,0,4,1,0,25,4.19,1.05,0,0
97,Greg Cunningham\Greg-Cunningham,ie IRL,DF,Cardiff City,7,0,0,0,1,1,0,100,0.14,0.14,0,0
98,Diogo Dalot\Diogo-Dalot,pt POR,DFMF,Manchester Utd,11.3,0,0,0,15,0,0,0,1.33,0,0,
99,Matty Daly\Matty-Daly,eng ENG,MF,Huddersfield,0.8,0,0,0,0,0,0,,0,0,,
100,Loïc Damour\Loic-Damour,fr FRA,MF,Cardiff City,0.2,0,0,0,1,0,0,0,4.29,0,0,
101,Charlie Daniels\Charlie-Daniels,eng ENG,DF,Bournemouth,17.6,1,0,0,13,3,0,23.1,0.74,0.17,0.08,0.33
102,Danilo\Danilo,br BRA,DF,Manchester City,9,1,0,0,14,3,0,21.4,1.56,0.33,0.07,0.33
103,Scott Dann\Scott-Dann,eng ENG,DF,Crystal Palace,7.3,0,0,0,6,1,0,16.7,0.82,0.14,0,0
104,Matteo Darmian\Matteo-Darmian,it ITA,DF,Manchester Utd,4.9,0,0,0,1,1,0,100,0.2,0.2,0,0
105,Ben Davies\Ben-Davies,wal WAL,DF,Tottenham,20.4,0,0,0,15,1,0,6.7,0.73,0.05,0,0
106,Tom Davies\Tom-Davies,eng ENG,MF,Everton,10.8,0,0,0,7,2,0,28.6,0.65,0.18,0,0
107,Steven Davis\Steven-Davis,nir NIR,MF,Southampton,1.1,0,0,0,0,0,0,,0,0,,
108,Kevin De Bruyne\Kevin-De-Bruyne,be BEL,MF,Manchester City,10.8,2,0,0,31,11,3,35.5,2.86,1.02,0.06,0.18
109,Troy Deeney\Troy-Deeney,eng ENG,FW,Watford,28.3,9,1,1,61,28,0,45.9,2.16,0.99,0.13,0.29
110,Jermain Defoe\Jermain-Defoe,eng ENG,DFFW,Bournemouth,0.2,0,0,0,1,1,0,100,4.29,4.29,0,0
111,Steven Defour\Steven-Defour,be BEL,MF,Burnley,5,0,0,0,0,0,0,,0,0,,
112,Fabian Delph\Fabian-Delph,eng ENG,DF,Manchester City,8,0,0,0,4,3,0,75,0.5,0.37,0,0
113,Mousa Dembélé\Mousa-Dembele,be BEL,MF,Tottenham,5.7,0,0,0,1,0,0,0,0.17,0,0,
114,Leander Dendoncker\Leander-Dendoncker,be BEL,MF,Wolves,16.3,2,0,0,16,9,0,56.3,0.98,0.55,0.13,0.22
115,Laurent Depoitre\Laurent-Depoitre,be BEL,FW,Huddersfield,11.8,0,0,0,34,7,0,20.6,2.88,0.59,0,0
116,Gerard Deulofeu\Gerard-Deulofeu,es ESP,FW,Watford,23.1,10,0,0,62,23,6,37.1,2.68,0.99,0.16,0.43
117,Fousseni Diabaté\Fousseni-Diabate,ml MLI,FW,Leicester City,0.6,0,0,0,0,0,0,,0,0,,
118,Adama Diakhaby\Adama-Diakhaby,fr FRA,FWMF,Huddersfield,6.1,0,0,0,7,3,0,42.9,1.14,0.49,0,0
119,Mohamed Diamé\Mohamed-Diame,sn SEN,MF,Newcastle Utd,24.1,0,0,0,21,3,0,14.3,0.87,0.12,0,0
120,Grady Diangana\Grady-Diangana,eng ENG,FWMF,West Ham,6.7,0,0,0,10,3,0,30,1.49,0.45,0,0
121,Eric Dier\Eric-Dier,eng ENG,MF,Tottenham,16.8,3,0,0,9,3,0,33.3,0.54,0.18,0.33,1
122,Lucas Digne\Lucas-Digne,fr FRA,DF,Everton,32.9,4,0,0,34,10,11,29.4,1.03,0.3,0.12,0.4
123,Virgil van Dijk\Virgil-van-Dijk,nl NED,DF,Liverpool,37.6,4,0,0,32,8,1,25,0.85,0.21,0.13,0.5
124,Issa Diop\Issa-Diop,fr FRA,DF,West Ham,33,1,0,0,14,4,0,28.6,0.42,0.12,0.07,0.25
125,Matt Doherty\Matt-Doherty,ie IRL,DFMF,Wolves,35,4,0,0,43,17,0,39.5,1.23,0.49,0.09,0.24
126,Abdoulaye Doucouré\Abdoulaye-Doucoure,fr FRA,MF,Watford,34,5,0,0,52,16,0,30.8,1.53,0.47,0.1,0.31
127,Luke Dreher\Luke-Dreher,eng ENG,MF,Crystal Palace,0,0,0,0,0,0,0,,,,,
128,Martin Dúbravka\Martin-Dubravka,sk SVK,GK,Newcastle Utd,38,0,0,0,0,0,0,,0,0,,
129,Shane Duffy\Shane-Duffy,ie IRL,DF,Brighton,34.3,5,0,0,39,14,0,35.9,1.14,0.41,0.13,0.36
130,Demeaco Duhaney\Demeaco-Duhaney,eng ENG,DF,Huddersfield,0.5,0,0,0,0,0,0,,0,0,,
131,Paul Dummett\Paul-Dummett,wal WAL,DF,Newcastle Utd,22.1,0,0,0,8,1,0,12.5,0.36,0.05,0,0
132,Lewis Dunk\Lewis-Dunk,eng ENG,DF,Brighton,35,2,0,0,22,4,1,18.2,0.63,0.11,0.09,0.5
133,Erik Durm\Erik-Durm,de GER,DF,Huddersfield,22.8,0,0,0,8,0,0,0,0.35,0,0,
134,Bruno Ecuele Manga\Bruno-Ecuele-Manga,ga GAB,DF,Cardiff City,37.5,0,0,0,11,2,0,18.2,0.29,0.05,0,0
135,Ederson\Ederson,br BRA,GK,Manchester City,38,0,0,0,0,0,0,,0,0,,
136,Harvey Elliot\Harvey-Elliot,eng ENG,MF,Fulham,0.2,0,0,0,1,1,0,100,5,5,0,0
137,Mohamed Elneny\Mohamed-Elneny,eg EGY,MF,Arsenal,4.2,0,0,0,7,0,0,0,1.66,0,0,
138,Mohamed Elyounoussi\Mohamed-Elyounoussi,no NOR,MFFW,Southampton,8.8,0,0,0,19,6,0,31.6,2.16,0.68,0,0
139,Christian Eriksen\Christian-Eriksen,dk DEN,MFFW,Tottenham,30.8,8,0,0,84,31,12,36.9,2.73,1.01,0.1,0.26
140,Neil Etheridge\Neil-Etheridge,ph PHI,GK,Cardiff City,38,0,0,0,0,0,0,,0,0,,
141,Jonny Evans\Jonny-Evans,nir NIR,DF,Leicester City,22.2,1,0,0,10,4,0,40,0.45,0.18,0.1,0.25
142,Łukasz Fabiański\Lukasz-Fabianski,pl POL,GK,West Ham,38,0,0,0,0,0,0,,0,0,,
143,Fabinho\Fabinho,br BRA,MF,Liverpool,22.4,1,0,0,17,4,0,23.5,0.76,0.18,0.06,0.25
144,Cesc Fàbregas\Cesc-Fabregas,es ESP,MF,Chelsea,1.9,0,0,0,1,0,0,0,0.51,0,0,
145,Fabricio\Fabricio,es ESP,GK,Fulham,2,0,0,0,0,0,0,,0,0,,
146,Marouane Fellaini\Marouane-Fellaini,be BEL,MF,Manchester Utd,8.3,0,0,0,8,3,0,37.5,0.97,0.36,0,0
147,Kiko Femenía\Kiko-Femenia,es ESP,DF,Watford,22.7,1,0,0,7,3,0,42.9,0.31,0.13,0.14,0.33
148,Federico Fernández\Federico-Fernandez,ar ARG,DF,Newcastle Utd,16.5,0,0,0,4,1,0,25,0.24,0.06,0,0
149,Fernandinho\Fernandinho,br BRA,MF,Manchester City,26.5,1,0,0,31,7,0,22.6,1.17,0.26,0.03,0.14
150,Roberto Firmino\Roberto-Firmino,br BRA,FWMF,Liverpool,29.1,12,1,1,73,31,0,42.5,2.51,1.06,0.15,0.35
151,Phil Foden\Phil-Foden,eng ENG,MF,Manchester City,3.6,1,0,0,14,6,0,42.9,3.85,1.65,0.07,0.17
152,Fraser Forster\Fraser-Forster,eng ENG,GK,Southampton,1,0,0,0,0,0,0,,0,0,,
153,Ben Foster\Ben-Foster,eng ENG,GK,Watford,38,0,0,0,1,0,0,0,0.03,0,0,
154,Timothy Fosu-Mensah\Timothy-Fosu-Mensah,nl NED,DF,Fulham,8.8,0,0,0,4,1,0,25,0.45,0.11,0,0
155,Juan Foyth\Juan-Foyth,ar ARG,DF,Tottenham,9.9,1,0,0,5,1,0,20,0.51,0.1,0.2,1
156,Simon Francis\Simon-Francis,eng ENG,DF,Bournemouth,13.6,0,0,0,3,1,0,33.3,0.22,0.07,0,0
157,Ryan Fraser\Ryan-Fraser,sco SCO,MFFW,Bournemouth,35.3,7,0,0,50,24,3,48,1.42,0.68,0.14,0.29
158,Fred\Fred,br BRA,MF,Manchester Utd,11.6,1,0,0,17,2,1,11.8,1.47,0.17,0.06,0.5
159,Ryan Fredericks\Ryan-Fredericks,eng ENG,DF,West Ham,12.1,1,0,0,5,2,0,40,0.41,0.17,0.2,0.5
160,Christian Fuchs\Christian-Fuchs,at AUT,DF,Leicester City,2.3,0,0,0,2,0,0,0,0.87,0,0,
161,Manolo Gabbiadini\Manolo-Gabbiadini,it ITA,FWMF,Southampton,5.2,1,0,0,21,8,1,38.1,4.02,1.53,0.05,0.13
162,Sam Gallagher\Sam-Gallagher,eng ENG,FW,Southampton,0.3,0,0,0,0,0,0,,0,0,,
163,Idrissa Gana Gueye\Idrissa-Gana-Gueye,sn SEN,MF,Everton,31.4,0,0,0,20,3,0,15,0.64,0.1,0,0
164,James Garner\James-Garner,eng ENG,MF,Manchester Utd,0,0,0,0,0,0,0,,,,,
165,Paulo Gazzaniga\Paulo-Gazzaniga,ar ARG,GK,Tottenham,3,0,0,0,0,0,0,,0,0,,
166,David de Gea\David-de-Gea,es ESP,GK,Manchester Utd,38,0,0,0,0,0,0,,0,0,,
167,Rachid Ghezzal\Rachid-Ghezzal,dz ALG,FWMF,Leicester City,8.2,1,0,0,21,6,1,28.6,2.57,0.73,0.05,0.17
168,Morgan Gibbs-White\Morgan-Gibbs-White,eng ENG,MFFW,Wolves,7.2,0,0,0,8,1,0,12.5,1.11,0.14,0,0
169,Ben Gibson\Ben-Gibson,eng ENG,DF,Burnley,0.7,1,0,0,1,1,0,100,1.43,1.43,1,1
170,Olivier Giroud\Olivier-Giroud,fr FRA,FW,Chelsea,9.2,2,0,0,31,10,0,32.3,3.35,1.08,0.06,0.2
171,André Gomes\Andre-Gomes,pt POR,MF,Everton,22.1,1,0,0,22,5,0,22.7,1,0.23,0.05,0.2
172,Angel Gomes\Angel-Gomes,eng ENG,MFFW,Manchester Utd,0.3,0,0,0,2,1,0,50,7.2,3.6,0,0
173,Joe Gomez\Joe-Gomez,eng ENG,DF,Liverpool,11.8,0,0,0,4,1,0,25,0.34,0.08,0,0
174,Jon Gorenc Stanković\Jon-Gorenc-Stankovic,si SVN,MFDF,Huddersfield,8,1,0,0,9,2,0,22.2,1.13,0.25,0.11,0.5
175,Dan Gosling\Dan-Gosling,eng ENG,MF,Bournemouth,19.3,2,0,0,21,7,0,33.3,1.09,0.36,0.1,0.29
176,Karlan Grant\Karlan-Grant,eng ENG,FWMF,Huddersfield,9.7,3,0,0,21,10,0,47.6,2.16,1.03,0.14,0.3
177,Andre Gray\Andre-Gray,eng ENG,FW,Watford,15.1,7,0,0,37,15,0,40.5,2.45,0.99,0.19,0.47
178,Demarai Gray\Demarai-Gray,eng ENG,FWMF,Leicester City,22.2,4,0,0,46,19,1,41.3,2.08,0.86,0.09,0.21
179,Mason Greenwood\Mason-Greenwood,eng ENG,FW,Manchester Utd,1.3,0,0,0,7,4,0,57.1,5.48,3.13,0,0
180,Pascal Groß\Pascal-Gross,de GER,MF,Brighton,20.9,3,1,2,21,7,1,33.3,1.01,0.34,0.1,0.29
181,Vicente Guaita\Vicente-Guaita,es ESP,GK,Crystal Palace,19.5,0,0,0,0,0,0,,0,0,,
182,Mattéo Guendouzi\Matteo-Guendouzi,fr FRA,MF,Arsenal,23.8,0,0,0,15,3,0,20,0.63,0.13,0,0
183,İlkay Gündoğan\Ilkay-Gundogan,de GER,MF,Manchester City,23.7,6,0,0,43,11,2,25.6,1.81,0.46,0.14,0.55
184,Angus Gunn\Angus-Gunn,eng ENG,GK,Southampton,12,0,0,0,0,0,0,,0,0,,
185,Aron Gunnarsson\Aron-Gunnarsson,is ISL,MF,Cardiff City,25.3,1,0,0,20,4,0,20,0.79,0.16,0.05,0.25
186,Florent Hadergjonaj\Florent-Hadergjonaj,xk KVX,DFMF,Huddersfield,20.4,0,0,0,6,2,0,33.3,0.29,0.1,0,0
187,Ben Hamer\Ben-Hamer,eng ENG,GK,Huddersfield,6.1,0,0,0,0,0,0,,0,0,,
188,Kadeem Harris\Kadeem-Harris,eng ENG,MFFW,Cardiff City,4.1,1,0,0,5,3,0,60,1.23,0.74,0.2,0.33
189,Joe Hart\Joe-Hart,eng ENG,GK,Burnley,19,0,0,0,0,0,0,,0,0,,
190,Isaac Hayden\Isaac-Hayden,eng ENG,MF,Newcastle Utd,20.7,1,0,0,20,5,0,25,0.97,0.24,0.05,0.2
191,Eden Hazard\Eden-Hazard,be BEL,FW,Chelsea,32.5,16,4,4,90,39,2,43.3,2.77,1.2,0.13,0.31
192,Rhys Healey\Rhys-Healey,wal WAL,FWMF,Cardiff City,0.5,0,0,0,1,0,0,0,1.84,0,0,
193,Tom Heaton\Tom-Heaton,eng ENG,GK,Burnley,19,0,0,0,1,0,0,0,0.05,0,0,
194,Jordan Henderson\Jordan-Henderson,eng ENG,MF,Liverpool,22,1,0,0,16,1,0,6.3,0.73,0.05,0.06,1
195,Jeff Hendrick\Jeff-Hendrick,ie IRL,MFFW,Burnley,23,3,0,0,19,6,1,31.6,0.83,0.26,0.16,0.5
196,Wayne Hennessey\Wayne-Hennessey,wal WAL,GK,Crystal Palace,17.5,0,0,0,0,0,0,,0,0,,
197,Javier Hernández\Javier-Hernandez,mx MEX,FW,West Ham,14.9,7,0,0,34,16,0,47.1,2.29,1.08,0.21,0.44
198,Ander Herrera\Ander-Herrera,es ESP,MF,Manchester Utd,15.6,2,0,0,21,9,0,42.9,1.35,0.58,0.1,0.22
199,Son Heung-min\Son-Heung-min,kr KOR,FWMF,Tottenham,22.7,12,0,0,75,28,1,37.3,3.3,1.23,0.16,0.43
200,Gonzalo Higuaín\Gonzalo-Higuain,ar ARG,FW,Chelsea,12.1,5,0,0,45,13,0,28.9,3.71,1.07,0.11,0.38
201,Wesley Hoedt\Wesley-Hoedt,nl NED,DF,Southampton,13,0,0,0,6,1,0,16.7,0.46,0.08,0,0
202,Jonathan Hogg\Jonathan-Hogg,eng ENG,MF,Huddersfield,26.4,0,0,0,8,1,0,12.5,0.3,0.04,0,0
203,Junior Hoilett\Junior-Hoilett,ca CAN,FWMF,Cardiff City,23.8,3,0,0,41,10,1,24.4,1.72,0.42,0.07,0.3
204,Rob Holding\Rob-Holding,eng ENG,DF,Arsenal,9,0,0,0,1,0,0,0,0.11,0,0,
205,José Holebas\Jose-Holebas,gr GRE,DF,Watford,26.6,3,0,0,17,6,4,35.3,0.64,0.23,0.18,0.5
206,Mason Holgate\Mason-Holgate,eng ENG,DF,Everton,4.5,0,0,0,0,0,0,,0,0,,
207,Callum Hudson-Odoi\Callum-Hudson-Odoi,eng ENG,FW,Chelsea,4.3,0,0,0,6,3,0,50,1.38,0.69,0,0
208,Will Hughes\Will-Hughes,eng ENG,MFFW,Watford,27.1,2,0,0,31,8,0,25.8,1.15,0.3,0.06,0.25
209,Emerson Hyndman\Emerson-Hyndman,us USA,MF,Bournemouth,0.4,0,0,0,0,0,0,,0,0,,
210,Pierre Højbjerg\Pierre-Hojbjerg,dk DEN,MF,Southampton,30.7,4,0,0,53,19,2,35.8,1.73,0.62,0.08,0.21
211,Jordon Ibe\Jordon-Ibe,eng ENG,MFFW,Bournemouth,8.8,1,0,0,9,3,0,33.3,1.02,0.34,0.11,0.33
212,Vicente Iborra\Vicente-Iborra,es ESP,MF,Leicester City,2.5,0,0,0,2,1,0,50,0.8,0.4,0,0
213,Kelechi Iheanacho\Kelechi-Iheanacho,ng NGA,FWMF,Leicester City,10.3,1,0,0,19,6,0,31.6,1.85,0.58,0.05,0.17
214,Danny Ings\Danny-Ings,eng ENG,FW,Southampton,18.5,7,3,3,52,19,0,36.5,2.81,1.03,0.08,0.21
215,Alex Iwobi\Alex-Iwobi,ng NGA,FWMF,Arsenal,21.9,3,0,0,35,14,0,40,1.6,0.64,0.09,0.21
216,José Izquierdo\Jose-Izquierdo,co COL,MFFW,Brighton,8.8,1,0,0,15,4,0,26.7,1.7,0.45,0.07,0.25
217,Phil Jagielka\Phil-Jagielka,eng ENG,DF,Everton,3.6,1,0,0,1,1,0,100,0.27,0.27,1,1
218,Alireza Jahanbakhsh\Alireza-Jahanbakhsh,ir IRN,FWMF,Brighton,11.3,0,0,0,22,7,0,31.8,1.94,0.62,0,0
219,Daryl Janmaat\Daryl-Janmaat,nl NED,DF,Watford,16.9,0,0,0,11,1,0,9.1,0.65,0.06,0,0
220,Vincent Janssen\Vincent-Janssen,nl NED,FW,Tottenham,0.4,0,0,0,3,2,0,66.7,7.5,5,0,0
221,Carl Jenkinson\Carl-Jenkinson,eng ENG,DF,Arsenal,1.8,0,0,0,0,0,0,,0,0,,
222,Gabriel Jesus\Gabriel-Jesus,br BRA,FW,Manchester City,11.3,7,1,1,42,22,0,52.4,3.71,1.94,0.14,0.27
223,Raúl Jiménez\Raul-Jimenez,mx MEX,FW,Wolves,34.7,13,2,2,113,32,0,28.3,3.26,0.92,0.1,0.34
224,Stefan Johansen\Stefan-Johansen,no NOR,MF,Fulham,4.6,0,0,0,1,0,1,0,0.22,0,0,
225,Ben Johnson\Ben-Johnson,eng ENG,DF,West Ham,0.7,0,0,0,0,0,0,,0,0,,
226,Tyreke Johnson\Tyreke-Johnson,eng ENG,FW,Southampton,0,0,0,0,0,0,0,,,,,
227,Phil Jones\Phil-Jones,eng ENG,DF,Manchester Utd,14,0,0,0,5,2,0,40,0.36,0.14,0,0
228,Jorginho\Jorginho,it ITA,MF,Chelsea,35.2,2,1,1,18,6,0,33.3,0.51,0.17,0.06,0.17
229,Joselu\Joselu,es ESP,FW,Newcastle Utd,6.5,2,0,0,16,5,0,31.3,2.45,0.77,0.13,0.4
230,Diogo Jota\Diogo-Jota,pt POR,FWMF,Wolves,26.3,9,0,0,57,23,0,40.4,2.17,0.87,0.16,0.39
231,Mathias Jørgensen\Mathias-Jorgensen,dk DEN,DF,Huddersfield,23.9,3,0,0,8,4,0,50,0.34,0.17,0.38,0.75
232,Christian Kabasele\Christian-Kabasele,be BEL,DF,Watford,17.6,0,0,0,8,2,0,25,0.45,0.11,0,0
233,Elias Kachunga\Elias-Kachunga,cd COD,FWMF,Huddersfield,13.1,0,0,0,14,3,0,21.4,1.07,0.23,0,0
234,Aboubakar Kamara\Aboubakar-Kamara,fr FRA,FWMF,Fulham,7.7,3,1,2,19,8,0,42.1,2.48,1.04,0.11,0.25
235,Harry Kane\Harry-Kane,eng ENG,FW,Tottenham,27,17,4,4,97,42,4,43.3,3.6,1.56,0.13,0.31
236,N'Golo Kanté\NGolo-Kante,fr FRA,MF,Chelsea,34.4,4,0,0,29,6,0,20.7,0.84,0.17,0.14,0.67
237,Beram Kayal\Beram-Kayal,il ISR,MF,Brighton,10.4,0,0,0,4,1,0,25,0.39,0.1,0,0
238,Michael Keane\Michael-Keane,eng ENG,DF,Everton,33,1,0,0,29,9,0,31,0.88,0.27,0.03,0.11
239,Neeskens Kebano\Neeskens-Kebano,cd COD,FWMF,Fulham,1.1,0,0,0,1,0,0,0,0.89,0,0,
240,Naby Keïta\Naby-Keita,gn GUI,MF,Liverpool,15.5,2,0,0,28,9,0,32.1,1.81,0.58,0.07,0.22
241,Martin Kelly\Martin-Kelly,eng ENG,DF,Crystal Palace,12.3,0,0,0,3,1,0,33.3,0.24,0.08,0,0
242,Kenedy\Kenedy,br BRA,MFFW,Newcastle Utd,14.9,1,0,1,29,5,1,17.2,1.94,0.33,0.03,0.2
243,Jonjoe Kenny\Jonjoe-Kenny,eng ENG,DF,Everton,8.8,0,0,0,3,0,0,0,0.34,0,0,
244,Max Kilman\Max-Kilman,eng ENG,DF,Wolves,0,0,0,0,0,0,0,,,,,
245,Joshua King\Joshua-King,no NOR,FW,Bournemouth,33,12,5,6,64,18,0,28.1,1.94,0.54,0.11,0.39
246,Anthony Knockaert\Anthony-Knockaert,fr FRA,FWMF,Brighton,20.4,2,0,0,29,9,2,31,1.42,0.44,0.07,0.22
247,Sead Kolašinac\Sead-Kolasinac,ba BIH,DF,Arsenal,21,0,0,0,10,2,0,20,0.48,0.1,0,0
248,Vincent Kompany\Vincent-Kompany,be BEL,DF,Manchester City,13.6,1,0,0,3,1,0,33.3,0.22,0.07,0.33,1
249,Terence Kongolo\Terence-Kongolo,nl NED,DF,Huddersfield,30.2,1,0,0,14,4,0,28.6,0.46,0.13,0.07,0.25
250,Laurent Koscielny\Laurent-Koscielny,fr FRA,DF,Arsenal,14.8,3,0,0,5,4,0,80,0.34,0.27,0.6,0.75
251,Cheikhou Kouyaté\Cheikhou-Kouyate,sn SEN,MF,Crystal Palace,21.1,0,0,0,21,8,0,38.1,1,0.38,0,0
252,Mateo Kovačić\Mateo-Kovacic,hr CRO,MF,Chelsea,19.4,0,0,0,29,3,0,10.3,1.5,0.15,0,0
253,Rajiv van La Parra\Rajiv-van-La-Parra,nl NED,MFFW,Huddersfield,4.5,0,0,0,5,0,0,0,1.11,0,0,
254,Alexandre Lacazette\Alexandre-Lacazette,fr FRA,FW,Arsenal,27.8,13,0,0,81,28,1,34.6,2.91,1.01,0.16,0.46
255,Adam Lallana\Adam-Lallana,eng ENG,MFFW,Liverpool,5.2,0,0,0,5,2,0,40,0.97,0.39,0,0
256,Érik Lamela\Erik-Lamela,ar ARG,FWMF,Tottenham,10.8,4,0,0,29,11,1,37.9,2.69,1.02,0.14,0.36
257,Manuel Lanzini\Manuel-Lanzini,ar ARG,MF,West Ham,7.7,1,0,0,11,4,3,36.4,1.44,0.52,0.09,0.25
258,Aymeric Laporte\Aymeric-Laporte,fr FRA,DF,Manchester City,34,3,0,0,27,7,0,25.9,0.79,0.21,0.11,0.43
259,Jamaal Lascelles\Jamaal-Lascelles,eng ENG,DF,Newcastle Utd,30.5,0,0,0,10,1,0,10,0.33,0.03,0,0
260,Maxime Le Marchand\Maxime-Le-Marchand,fr FRA,DF,Fulham,25,0,0,0,4,0,0,0,0.16,0,0,
261,Florian Lejeune\Florian-Lejeune,fr FRA,DF,Newcastle Utd,11.7,0,0,0,6,2,0,33.3,0.51,0.17,0,0
262,Mario Lemina\Mario-Lemina,ga GAB,MF,Southampton,17.9,1,0,0,27,4,0,14.8,1.5,0.22,0.04,0.25
263,Aaron Lennon\Aaron-Lennon,eng ENG,FWMF,Burnley,13.5,1,0,0,4,2,0,50,0.3,0.15,0.25,0.5
264,Bernd Leno\Bernd-Leno,de GER,GK,Arsenal,31.5,0,0,0,0,0,0,,0,0,,
265,Jefferson Lerma\Jefferson-Lerma,co COL,MF,Bournemouth,27.9,2,0,0,33,8,0,24.2,1.18,0.29,0.06,0.25
266,Stephan Lichtsteiner\Stephan-Lichtsteiner,ch SUI,DF,Arsenal,10.4,0,0,0,1,0,0,0,0.1,0,0,
267,Victor Lindelöf\Victor-Lindelof,se SWE,DF,Manchester Utd,28.9,1,0,0,7,1,0,14.3,0.24,0.03,0.14,1
268,Jesse Lingard\Jesse-Lingard,eng ENG,FWMF,Manchester Utd,18.5,4,1,1,31,12,0,38.7,1.67,0.65,0.1,0.25
269,Fernando Llorente\Fernando-Llorente,es ESP,FW,Tottenham,7.6,1,0,0,23,5,0,21.7,3.03,0.66,0.04,0.2
270,Hugo Lloris\Hugo-Lloris,fr FRA,GK,Tottenham,33,0,0,0,0,0,0,,0,0,,
271,Jürgen Locadia\Jurgen-Locadia,nl NED,FWMF,Brighton,13.6,2,0,0,26,9,1,34.6,1.91,0.66,0.08,0.22
272,Ruben Loftus-Cheek\Ruben-Loftus-Cheek,eng ENG,MFFW,Chelsea,10.9,6,0,0,27,8,0,29.6,2.47,0.73,0.22,0.75
273,Kevin Long\Kevin-Long,ie IRL,DF,Burnley,5.7,0,0,0,1,0,0,0,0.18,0,0,
274,Shane Long\Shane-Long,ie IRL,FWMF,Southampton,14.1,5,0,0,30,9,0,30,2.13,0.64,0.17,0.56
275,Sean Longstaff\Sean-Longstaff,eng ENG,MF,Newcastle Utd,7.6,1,0,0,8,2,0,25,1.05,0.26,0.13,0.5
276,Ademola Lookman\Ademola-Lookman,eng ENG,FWMF,Everton,6.7,0,0,0,12,3,0,25,1.8,0.45,0,0
277,Jonas Lössl\Jonas-Lossl,dk DEN,GK,Huddersfield,30.9,0,0,0,0,0,0,,0,0,,
278,Dejan Lovren\Dejan-Lovren,hr CRO,DF,Liverpool,10.9,1,0,0,6,1,0,16.7,0.55,0.09,0.17,1
279,Chris Löwe\Chris-Lowe,de GER,DFMF,Huddersfield,22.9,0,0,0,18,6,1,33.3,0.79,0.26,0,0
280,Matthew Lowton\Matthew-Lowton,eng ENG,DF,Burnley,19.4,0,0,0,5,0,0,0,0.26,0,0,
281,David Luiz\David-Luiz,br BRA,DF,Chelsea,36,3,0,0,33,8,9,24.2,0.92,0.22,0.09,0.38
282,Romelu Lukaku\Romelu-Lukaku,be BEL,FW,Manchester Utd,23.7,12,0,0,59,33,0,55.9,2.49,1.39,0.2,0.36
283,James Maddison\James-Maddison,eng ENG,MFFW,Leicester City,31.6,7,1,2,82,27,14,32.9,2.59,0.85,0.07,0.22
284,Gary Madine\Gary-Madine,eng ENG,FWMF,Cardiff City,0.4,0,0,0,0,0,0,,0,0,,
285,Harry Maguire\Harry-Maguire,eng ENG,DF,Leicester City,28.9,3,0,0,29,11,0,37.9,1,0.38,0.1,0.27
286,Riyad Mahrez\Riyad-Mahrez,dz ALG,FWMF,Manchester City,14.9,7,0,1,54,24,1,44.4,3.63,1.61,0.13,0.29
287,Ainsley Maitland-Niles\Ainsley-Maitland-Niles,eng ENG,DF,Arsenal,10.9,1,0,0,6,3,0,50,0.55,0.27,0.17,0.33
288,Sadio Mané\Sadio-Mane,sn SEN,FW,Liverpool,34.3,22,0,0,88,42,0,47.7,2.57,1.22,0.25,0.52
289,Javier Manquillo\Javier-Manquillo,es ESP,DF,Newcastle Utd,12.2,0,0,0,2,1,0,50,0.16,0.08,0,0
290,Solly March\Solly-March,eng ENG,FWMF,Brighton,27.5,1,0,0,42,9,3,21.4,1.53,0.33,0.02,0.11
291,Adrian Mariappa\Adrian-Mariappa,jm JAM,DF,Watford,21.3,0,0,0,5,1,0,20,0.23,0.05,0,0
292,Lazar Marković\Lazar-Markovic,rs SRB,FW,Fulham,0.5,0,0,0,0,0,0,,0,0,,
293,Anthony Martial\Anthony-Martial,fr FRA,FW,Manchester Utd,18,10,1,1,37,22,0,59.5,2.05,1.22,0.24,0.41
294,Adam Masina\Adam-Masina,it ITA,DF,Watford,11.1,0,0,0,3,0,0,0,0.27,0,0,
295,Arthur Masuaku\Arthur-Masuaku,cd COD,DF,West Ham,19.5,0,0,0,4,1,0,25,0.21,0.05,0,0
296,Juan Mata\Juan-Mata,es ESP,FWMF,Manchester Utd,14.4,3,0,0,19,6,3,31.6,1.32,0.42,0.16,0.5
297,Nemanja Matić\Nemanja-Matic,rs SRB,MF,Manchester Utd,27.1,1,0,0,12,3,0,25,0.44,0.11,0.08,0.33
298,Joël Matip\Joel-Matip,cm CMR,DF,Liverpool,17,1,0,0,8,2,0,25,0.47,0.12,0.13,0.5
299,Konstantinos Mavropanos\Konstantinos-Mavropanos,gr GRE,DF,Arsenal,1.7,0,0,0,1,0,0,0,0.6,0,0,
300,Alfie Mawson\Alfie-Mawson,eng ENG,DF,Fulham,12.6,0,0,0,2,1,0,50,0.16,0.08,0,0
301,Isaac Mbenza\Isaac-Mbenza,be BEL,FWMF,Huddersfield,10.9,1,0,0,15,5,0,33.3,1.37,0.46,0.07,0.2
302,James McArthur\James-McArthur,sco SCO,MF,Crystal Palace,34.1,3,0,0,34,8,0,23.5,1,0.23,0.09,0.38
303,Alex McCarthy\Alex-McCarthy,eng ENG,GK,Southampton,25,0,0,0,0,0,0,,0,0,,
304,James McCarthy\James-McCarthy,ie IRL,MF,Everton,0.2,0,0,0,0,0,0,,0,0,,
305,Kevin McDonald\Kevin-McDonald,sco SCO,MF,Fulham,9.3,0,0,0,4,0,0,0,0.43,0,0,
306,Dwight McNeil\Dwight-McNeil,eng ENG,MFFW,Burnley,17.8,3,0,0,28,6,4,21.4,1.58,0.34,0.11,0.5
307,Scott McTominay\Scott-McTominay,sco SCO,MFDF,Manchester Utd,9.6,2,0,0,15,6,0,40,1.57,0.63,0.13,0.33
308,Ben Mee\Ben-Mee,eng ENG,DF,Burnley,38,0,0,0,23,6,0,26.1,0.61,0.16,0,0
309,Nathaniel Mendez-Laing\Nathaniel-Mendez-Laing,eng ENG,MFFW,Cardiff City,10.9,4,1,1,20,8,0,40,1.83,0.73,0.15,0.38
310,Benjamin Mendy\Benjamin-Mendy,fr FRA,DF,Manchester City,10,0,0,0,7,2,0,28.6,0.7,0.2,0,0
311,Nampalys Mendy\Nampalys-Mendy,fr FRA,MF,Leicester City,23.2,0,0,0,3,0,0,0,0.13,0,0,
312,Chris Mepham\Chris-Mepham,wal WAL,DF,Bournemouth,9.4,0,0,0,2,0,0,0,0.21,0,0,
313,Max Meyer\Max-Meyer,de GER,MFFW,Crystal Palace,15.7,1,0,0,35,6,0,17.1,2.23,0.38,0.03,0.17
314,Luka Milivojević\Luka-Milivojevic,rs SRB,MF,Crystal Palace,38,12,10,11,47,13,16,27.7,1.24,0.34,0.04,0.15
315,James Milner\James-Milner,eng ENG,MFDF,Liverpool,19.8,5,3,3,21,4,1,19,1.06,0.2,0.1,0.5
316,Yerry Mina\Yerry-Mina,co COL,DF,Everton,9.9,1,0,0,4,1,0,25,0.4,0.1,0.25,1
317,Tyrone Mings\Tyrone-Mings,eng ENG,DF,Bournemouth,1.6,0,0,0,0,0,0,,0,0,,
318,Aleksandar Mitrović\Aleksandar-Mitrovic,rs SRB,FW,Fulham,36.5,11,1,1,122,42,2,34.4,3.35,1.15,0.08,0.24
319,Henrikh Mkhitaryan\Henrikh-Mkhitaryan,am ARM,FWMF,Arsenal,18.3,6,0,0,50,14,1,28,2.74,0.77,0.12,0.43
320,Nacho Monreal\Nacho-Monreal,es ESP,DF,Arsenal,20.7,1,0,0,9,4,0,44.4,0.44,0.19,0.11,0.25
321,Martín Montoya\Martin-Montoya,es ESP,DF,Brighton,24.1,0,0,0,8,1,0,12.5,0.33,0.04,0,0
322,Aaron Mooy\Aaron-Mooy,au AUS,MFFW,Huddersfield,25.9,3,1,1,39,13,8,33.3,1.51,0.5,0.05,0.15
323,Álvaro Morata\Alvaro-Morata,es ESP,FW,Chelsea,10.5,5,0,0,35,16,0,45.7,3.34,1.53,0.14,0.31
324,Alberto Moreno\Alberto-Moreno,es ESP,DF,Liverpool,1.7,0,0,0,1,0,0,0,0.58,0,0,
325,Wes Morgan\Wes-Morgan,jm JAM,DF,Leicester City,21.4,3,0,0,14,5,0,35.7,0.65,0.23,0.21,0.6
326,Sean Morrison\Sean-Morrison,eng ENG,DF,Cardiff City,33.8,1,0,0,33,7,0,21.2,0.98,0.21,0.03,0.14
327,Victor Moses\Victor-Moses,ng NGA,FW,Chelsea,0.3,0,0,0,0,0,0,,0,0,,
328,Steve Mounié\Steve-Mounie,bj BEN,FW,Huddersfield,19.7,2,0,0,63,24,0,38.1,3.19,1.22,0.03,0.08
329,Lucas Moura\Lucas-Moura,br BRA,FWMF,Tottenham,23.6,10,0,0,45,20,0,44.4,1.9,0.85,0.22,0.5
330,Lys Mousset\Lys-Mousset,fr FRA,FWMF,Bournemouth,3.8,1,0,0,13,7,0,53.8,3.39,1.83,0.08,0.14
331,João Moutinho\Joao-Moutinho,pt POR,MF,Wolves,33.8,1,0,0,18,3,1,16.7,0.53,0.09,0.06,0.33
332,Jacob Murphy\Jacob-Murphy,eng ENG,MFFW,Newcastle Utd,3.3,0,0,0,2,1,0,50,0.6,0.3,0,0
333,Josh Murphy\Josh-Murphy,eng ENG,FWMF,Cardiff City,20.3,3,0,0,45,15,3,33.3,2.22,0.74,0.07,0.2
334,Glenn Murray\Glenn-Murray,eng ENG,FW,Brighton,27.9,13,4,4,51,16,0,31.4,1.83,0.57,0.18,0.56
335,Shkodran Mustafi\Shkodran-Mustafi,de GER,DF,Arsenal,29.1,2,0,0,19,9,0,47.4,0.65,0.31,0.11,0.22
336,Yoshinori Mutō\Yoshinori-Muto,jp JPN,FW,Newcastle Utd,5.7,1,0,0,5,3,0,60,0.87,0.52,0.2,0.33
337,Georges-Kévin N'Koudou\Georges-Kevin-NKoudou,fr FRA,FW,Tottenham,0,0,0,0,0,0,0,,0,0,,
338,Samir Nasri\Samir-Nasri,fr FRA,MF,West Ham,2.7,0,0,0,3,0,0,0,1.1,0,0,
339,Marc Navarro\Marc-Navarro,es ESP,DF,Watford,0.9,0,0,0,0,0,0,,0,0,,
340,Wilfred Ndidi\Wilfred-Ndidi,ng NGA,MF,Leicester City,36.6,2,0,0,56,9,0,16.1,1.53,0.25,0.04,0.22
341,Rúben Neves\Ruben-Neves,pt POR,MF,Wolves,33.4,4,2,2,71,15,11,21.1,2.12,0.45,0.03,0.13
342,Oumar Niasse\Oumar-Niasse,sn SEN,FW,Cardiff City,10.4,0,0,0,17,6,0,35.3,1.63,0.57,0,0
343,Oumar Niasse\Oumar-Niasse,sn SEN,FWMF,Everton,0.6,0,0,0,3,1,0,33.3,4.66,1.55,0,0
344,Eddie Nketiah\Eddie-Nketiah,eng ENG,MFFW,Arsenal,0.7,1,0,0,3,1,0,33.3,4.35,1.45,0.33,1
345,Mark Noble\Mark-Noble,eng ENG,MF,West Ham,25.6,5,4,4,13,5,0,38.5,0.51,0.2,0.08,0.2
346,Håvard Nordtveit\Havard-Nordtveit,no NOR,DF,Fulham,4,0,0,0,0,0,0,,0,0,,
347,Will Norris\Will-Norris,eng ENG,GK,Wolves,0,0,0,0,0,0,0,,,,,
348,Michael Obafemi\Michael-Obafemi,ie IRL,FW,Southampton,1.5,1,0,0,8,2,0,25,5.33,1.33,0.13,0.5
349,Pedro Obiang\Pedro-Obiang,gq EQG,MF,West Ham,12.4,0,0,0,16,1,0,6.3,1.29,0.08,0,0
350,Denis Odoi\Denis-Odoi,be BEL,DF,Fulham,28.8,0,0,0,10,1,0,10,0.35,0.03,0,0
351,Angelo Ogbonna\Angelo-Ogbonna,it ITA,DF,West Ham,20.8,1,0,0,13,5,0,38.5,0.63,0.24,0.08,0.2
352,Stefano Okaka\Stefano-Okaka,it ITA,FW,Watford,0.2,0,0,0,2,0,0,0,8.18,0,0,
353,Shinji Okazaki\Shinji-Okazaki,jp JPN,FWMF,Leicester City,3,0,0,0,4,3,0,75,1.34,1,0,0
354,Divock Origi\Divock-Origi,be BEL,FW,Liverpool,4.1,3,0,0,13,6,1,46.2,3.2,1.48,0.23,0.5
355,Nicolás Otamendi\Nicolas-Otamendi,ar ARG,DF,Manchester City,13.7,0,0,0,14,3,0,21.4,1.02,0.22,0,0
356,Alex Oxlade-Chamberlain\Alex-Oxlade-Chamberlain,eng ENG,MFFW,Liverpool,0.2,0,0,0,1,1,0,100,4.74,4.74,0,0
357,Mesut Özil\Mesut-Ozil,de GER,MFFW,Arsenal,19.3,5,0,0,11,6,0,54.5,0.57,0.31,0.45,0.83
358,Emerson Palmieri\Emerson-Palmieri,it ITA,DF,Chelsea,7.3,0,0,0,5,1,2,20,0.68,0.14,0,0
359,Sokratis Papastathopoulos\Sokratis-Papastathopoulos,gr GRE,DF,Arsenal,24.4,1,0,0,10,1,0,10,0.41,0.04,0.1,1
360,Callum Paterson\Callum-Paterson,sco SCO,FWMF,Cardiff City,22.2,5,1,1,39,7,0,17.9,1.76,0.32,0.1,0.57
361,Rui Patrício\Rui-Patricio,pt POR,GK,Wolves,37,0,0,0,0,0,0,,0,0,,
362,Pedro\Pedro,es ESP,FW,Chelsea,19.8,8,0,0,58,24,0,41.4,2.93,1.21,0.14,0.33
363,Lee Peltier\Lee-Peltier,eng ENG,DF,Cardiff City,17.1,0,0,0,1,1,0,100,0.06,0.06,0,0
364,Andreas Pereira\Andreas-Pereira,br BRA,MF,Manchester Utd,6.6,1,0,0,8,2,1,25,1.21,0.3,0.13,0.5
365,Ricardo Pereira\Ricardo-Pereira,pt POR,DFFW,Leicester City,34.7,2,0,0,26,9,0,34.6,0.75,0.26,0.08,0.22
366,Roberto Pereyra\Roberto-Pereyra,ar ARG,FWMF,Watford,31.4,6,0,0,56,21,6,37.5,1.78,0.67,0.11,0.29
367,Ayoze Pérez\Ayoze-Perez,es ESP,FWMF,Newcastle Utd,32.5,12,0,0,53,26,0,49.1,1.63,0.8,0.23,0.46
368,Lucas Pérez\Lucas-Perez,es ESP,FW,West Ham,5.2,3,0,0,9,3,0,33.3,1.74,0.58,0.33,1
369,Jordan Pickford\Jordan-Pickford,eng ENG,GK,Everton,38,0,0,0,0,0,0,,0,0,,
370,Paul Pogba\Paul-Pogba,fr FRA,MF,Manchester Utd,33.5,13,7,10,96,38,6,39.6,2.87,1.14,0.06,0.16
371,Alex Pritchard\Alex-Pritchard,eng ENG,MFFW,Huddersfield,23.2,2,0,0,48,14,1,29.2,2.07,0.6,0.04,0.14
372,Sebastian Prödl\Sebastian-Prodl,at AUT,DF,Watford,0.1,0,0,0,0,0,0,,0,0,,
373,Davy Pröpper\Davy-Propper,nl NED,MF,Brighton,28.3,1,0,0,15,2,0,13.3,0.53,0.07,0.07,0.5
374,Jason Puncheon\Jason-Puncheon,eng ENG,MFFW,Huddersfield,4.3,0,0,0,6,0,0,0,1.41,0,0,
375,Jason Puncheon\Jason-Puncheon,eng ENG,MF,Crystal Palace,0.1,0,0,0,0,0,0,,0,0,,
376,Collin Quaner\Collin-Quaner,de GER,FWMF,Huddersfield,0.4,0,0,0,0,0,0,,0,0,,
377,Domingos Quina\Domingos-Quina,pt POR,MF,Watford,3.7,1,0,0,5,1,0,20,1.34,0.27,0.2,1
378,Joe Ralls\Joe-Ralls,eng ENG,MF,Cardiff City,21.8,0,0,1,22,2,0,9.1,1.01,0.09,0,0
379,Aaron Ramsey\Aaron-Ramsey,wal WAL,MFFW,Arsenal,14.8,4,0,0,33,12,0,36.4,2.24,0.81,0.12,0.33
380,Kayne Ramsey\Kayne-Ramsey,eng ENG,DF,Southampton,1,0,0,0,0,0,0,,0,0,,
381,Marcus Rashford\Marcus-Rashford,eng ENG,FW,Manchester Utd,26,10,0,0,83,40,12,48.2,3.19,1.54,0.12,0.25
382,Tim Ream\Tim-Ream,us USA,DF,Fulham,22.8,0,0,0,1,0,0,0,0.04,0,0,
383,Nathan Redmond\Nathan-Redmond,eng ENG,FWMF,Southampton,36.4,6,0,0,74,22,3,29.7,2.03,0.6,0.08,0.27
384,Bobby Reid\Bobby-Reid,jm JAM,FWMF,Cardiff City,15.8,5,1,1,25,7,1,28,1.58,0.44,0.16,0.57
385,Declan Rice\Declan-Rice,eng ENG,MF,West Ham,33.4,2,0,0,24,5,0,20.8,0.72,0.15,0.08,0.4
386,Jazz Richards\Jazz-Richards,wal WAL,DFMF,Cardiff City,1.4,0,0,0,0,0,0,,0,0,,
387,Richarlison\Richarlison,br BRA,FWMF,Everton,29.8,13,0,0,87,27,1,31,2.92,0.91,0.15,0.48
388,Diego Rico\Diego-Rico,es ESP,DFMF,Bournemouth,6.7,0,0,0,9,0,1,0,1.33,0,0,
389,Sergio Rico\Sergio-Rico,es ESP,GK,Fulham,29,0,0,0,0,0,0,,0,0,,
390,Matt Ritchie\Matt-Ritchie,sco SCO,DFMF,Newcastle Utd,32.7,2,1,2,39,7,0,17.9,1.19,0.21,0.03,0.14
391,Andrew Robertson\Andrew-Robertson,sco SCO,DF,Liverpool,35.8,0,0,0,14,5,0,35.7,0.39,0.14,0,0
392,Marcos Rojo\Marcos-Rojo,ar ARG,DF,Manchester Utd,2.3,0,0,0,6,3,1,50,2.56,1.28,0,0
393,Oriol Romeu\Oriol-Romeu,es ESP,MF,Southampton,23.8,1,0,0,10,4,0,40,0.42,0.17,0.1,0.25
394,Salomón Rondón\Salomon-Rondon,ve VEN,FW,Newcastle Utd,29,11,0,0,89,29,9,32.6,3.07,1,0.12,0.38
395,Danny Rose\Danny-Rose,eng ENG,DFMF,Tottenham,20,0,0,0,15,2,0,13.3,0.75,0.1,0,0
396,Aaron Rowe\Aaron-Rowe,eng ENG,FW,Huddersfield,0.8,0,0,0,0,0,0,,0,0,,
397,John Ruddy\John-Ruddy,eng ENG,GK,Wolves,1,0,0,0,0,0,0,,0,0,,
398,Antonio Rüdiger\Antonio-Rudiger,de GER,DF,Chelsea,31.9,1,0,0,28,7,0,25,0.88,0.22,0.04,0.14
399,Mathew Ryan\Mathew-Ryan,au AUS,GK,Brighton,34,0,0,0,0,0,0,,0,0,,
400,Abdelhamid Sabiri\Abdelhamid-Sabiri,de GER,FW,Huddersfield,0.5,0,0,0,0,0,0,,0,0,,
401,Romain Saïss\Romain-Saiss,ma MAR,MFDF,Wolves,12.7,2,0,0,11,5,0,45.5,0.87,0.39,0.18,0.4
402,Bukayo Saka\Bukayo-Saka,eng ENG,FW,Arsenal,0.1,0,0,0,0,0,0,,0,0,,
403,Mamadou Sakho\Mamadou-Sakho,fr FRA,DF,Crystal Palace,26.9,0,0,0,5,0,0,0,0.19,0,0,
404,Bakary Sako\Bakary-Sako,ml MLI,FWMF,Crystal Palace,0.3,0,0,0,0,0,0,,0,0,,
405,Mohamed Salah\Mohamed-Salah,eg EGY,FW,Liverpool,36.2,22,3,3,135,60,3,44.4,3.72,1.66,0.14,0.32
406,Alexis Sánchez\Alexis-Sanchez,cl CHI,FW,Manchester Utd,9.7,1,0,0,18,9,2,50,1.85,0.92,0.06,0.11
407,Carlos Sánchez\Carlos-Sanchez,co COL,MF,West Ham,2.7,0,0,0,3,0,0,0,1.13,0,0,
408,Davinson Sánchez\Davinson-Sanchez,co COL,DF,Tottenham,21.6,1,0,0,12,3,0,25,0.56,0.14,0.08,0.33
409,Leroy Sané\Leroy-Sane,de GER,FW,Manchester City,20.7,10,0,0,56,24,5,42.9,2.7,1.16,0.18,0.42
410,Fabian Schär\Fabian-Schar,ch SUI,DF,Newcastle Utd,22.3,4,0,0,23,7,1,30.4,1.03,0.31,0.17,0.57
411,Christopher Schindler\Christopher-Schindler,de GER,DF,Huddersfield,36.2,1,0,0,14,3,0,21.4,0.39,0.08,0.07,0.33
412,Jeffrey Schlupp\Jeffrey-Schlupp,gh GHA,MFFW,Crystal Palace,18.5,4,0,0,29,9,0,31,1.57,0.49,0.14,0.44
413,Kasper Schmeichel\Kasper-Schmeichel,dk DEN,GK,Leicester City,38,0,0,0,1,0,0,0,0.03,0,0,
414,Morgan Schneiderlin\Morgan-Schneiderlin,fr FRA,MF,Everton,9.3,0,0,0,3,0,0,0,0.32,0,0,
415,André Schürrle\Andre-Schurrle,de GER,FWMF,Fulham,18.3,6,0,0,56,17,4,30.4,3.05,0.93,0.11,0.35
416,Ken Sema\Ken-Sema,se SWE,FWMF,Watford,8.4,1,0,0,10,3,0,30,1.19,0.36,0.1,0.33
417,Jean Seri\Jean-Seri,ci CIV,MF,Fulham,25,1,0,0,18,6,3,33.3,0.72,0.24,0.06,0.17
418,Ryan Sessegnon\Ryan-Sessegnon,eng ENG,FWDF,Fulham,25.5,2,0,0,28,10,0,35.7,1.1,0.39,0.07,0.2
419,Xherdan Shaqiri\Xherdan-Shaqiri,ch SUI,FWMF,Liverpool,11.7,6,0,0,26,10,5,38.5,2.21,0.85,0.23,0.6
420,Luke Shaw\Luke-Shaw,eng ENG,DF,Manchester Utd,28.8,1,0,0,20,6,0,30,0.69,0.21,0.05,0.17
421,Jonjo Shelvey\Jonjo-Shelvey,eng ENG,MF,Newcastle Utd,10.5,1,0,0,24,8,5,33.3,2.29,0.76,0.04,0.13
422,Gylfi Sigurðsson\Gylfi-Sigurdsson,is ISL,MF,Everton,34.8,13,2,5,81,29,7,35.8,2.33,0.83,0.14,0.38
423,Adrien Silva\Adrien-Silva,pt POR,MF,Leicester City,1,0,0,0,0,0,0,,0,0,,
424,Bernardo Silva\Bernardo-Silva,pt POR,MFFW,Manchester City,31.7,7,0,0,64,22,0,34.4,2.02,0.69,0.11,0.32
425,David Silva\David-Silva,es ESP,MF,Manchester City,26.8,6,0,0,50,18,4,36,1.87,0.67,0.12,0.33
426,Xande Silva\Xande-Silva,pt POR,FW,West Ham,0.2,0,0,0,2,0,0,0,10.59,0,0,
427,Danny Simpson\Danny-Simpson,eng ENG,DF,Leicester City,3.2,0,0,0,0,0,0,,0,0,,
428,Jack Simpson\Jack-Simpson,eng ENG,DF,Bournemouth,4.5,0,0,0,2,1,0,50,0.45,0.22,0,0
429,Josh Sims\Josh-Sims,eng ENG,FWMF,Southampton,2.3,0,0,0,5,1,0,20,2.15,0.43,0,0
430,Moussa Sissoko\Moussa-Sissoko,fr FRA,MF,Tottenham,26,0,0,0,15,3,0,20,0.58,0.12,0,0
431,Oliver Skipp\Oliver-Skipp,eng ENG,MFFW,Tottenham,2.4,0,0,0,2,0,0,0,0.83,0,0,
432,Callum Slattery\Callum-Slattery,eng ENG,MF,Southampton,1.2,0,0,0,2,0,0,0,1.64,0,0,
433,Chris Smalling\Chris-Smalling,eng ENG,DF,Manchester Utd,23.6,1,0,0,12,4,0,33.3,0.51,0.17,0.08,0.25
434,Adam Smith\Adam-Smith,eng ENG,DF,Bournemouth,23,1,0,0,8,1,0,12.5,0.35,0.04,0.13,1
435,Tommy Smith\Tommy-Smith,eng ENG,DF,Huddersfield,12.7,0,0,0,2,0,0,0,0.16,0,0,
436,Robert Snodgrass\Robert-Snodgrass,sco SCO,MFFW,West Ham,24.7,2,0,0,31,8,4,25.8,1.26,0.32,0.06,0.25
437,Cédric Soares\Cedric-Soares,pt POR,DF,Southampton,16.6,1,0,0,10,3,1,30,0.6,0.18,0.1,0.33
438,Ramadan Sobhi\Ramadan-Sobhi,eg EGY,FW,Huddersfield,0.8,0,0,0,0,0,0,,0,0,,
439,Dominic Solanke\Dominic-Solanke,eng ENG,FW,Bournemouth,3.8,0,0,0,9,3,0,33.3,2.38,0.79,0,0
440,Pape Souaré\Pape-Souare,sn SEN,DF,Crystal Palace,0,0,0,0,0,0,0,,,,,
441,Çağlar Söyüncü\Caglar-Soyuncu,tr TUR,DF,Leicester City,4.1,0,0,0,2,1,0,50,0.49,0.24,0,0
442,Julián Speroni\Julian-Speroni,ar ARG,GK,Crystal Palace,1,0,0,0,0,0,0,,0,0,,
443,Junior Stanislas\Junior-Stanislas,eng ENG,MFFW,Bournemouth,11.4,2,1,1,33,9,10,27.3,2.89,0.79,0.03,0.11
444,Dale Stephens\Dale-Stephens,eng ENG,MF,Brighton,27.6,1,0,0,10,2,0,20,0.36,0.07,0.1,0.5
445,Jack Stephens\Jack-Stephens,eng ENG,DF,Southampton,18.8,1,0,0,7,5,0,71.4,0.37,0.27,0.14,0.2
446,Raheem Sterling\Raheem-Sterling,eng ENG,FW,Manchester City,30.9,17,0,0,76,37,1,48.7,2.46,1.2,0.22,0.46
447,John Stones\John-Stones,eng ENG,DF,Manchester City,19.6,0,0,0,5,1,0,20,0.26,0.05,0,0
448,Daniel Sturridge\Daniel-Sturridge,eng ENG,FWMF,Liverpool,5.5,2,0,0,18,6,0,33.3,3.27,1.09,0.11,0.33
449,Denis Suárez\Denis-Suarez,es ESP,FW,Arsenal,0.7,0,0,0,0,0,0,,0,0,,
450,Isaac Success\Isaac-Success,ng NGA,FWMF,Watford,11.5,1,0,0,28,11,0,39.3,2.43,0.95,0.04,0.09
451,Ki Sung-yueng\Ki-Sung-yueng,kr KOR,MF,Newcastle Utd,14.5,0,0,0,9,2,1,22.2,0.62,0.14,0,0
452,Andrew Surman\Andrew-Surman,eng ENG,MF,Bournemouth,16,0,0,0,9,1,0,11.1,0.56,0.06,0,0
453,Sam Surridge\Sam-Surridge,eng ENG,FWDF,Bournemouth,0.1,0,0,0,2,1,0,50,16.36,8.18,0,0
454,Alexander Sørloth\Alexander-Sorloth,no NOR,FWMF,Crystal Palace,1.9,0,0,0,4,2,0,50,2.08,1.04,0,0
455,Matt Targett\Matt-Targett,eng ENG,DFMF,Southampton,13.2,1,0,0,11,3,1,27.3,0.83,0.23,0.09,0.33
456,James Tarkowski\James-Tarkowski,eng ENG,DF,Burnley,34.3,3,0,0,24,8,0,33.3,0.7,0.23,0.13,0.38
457,Charlie Taylor\Charlie-Taylor,eng ENG,DF,Burnley,36,0,0,0,6,0,0,0,0.17,0,0,
458,Youri Tielemans\Youri-Tielemans,be BEL,MF,Leicester City,12.1,3,0,0,30,10,2,33.3,2.47,0.82,0.1,0.3
459,James Tomkins\James-Tomkins,eng ENG,DF,Crystal Palace,28.5,1,0,0,23,7,0,30.4,0.81,0.25,0.04,0.14
460,Lucas Torreira\Lucas-Torreira,uy URU,MF,Arsenal,26.4,2,0,0,24,6,2,25,0.91,0.23,0.08,0.33
461,Cenk Tosun\Cenk-Tosun,tr TUR,FW,Everton,11.7,3,0,0,34,15,0,44.1,2.91,1.29,0.09,0.2
462,Andros Townsend\Andros-Townsend,eng ENG,FWMF,Crystal Palace,33.5,6,0,0,62,17,0,27.4,1.85,0.51,0.1,0.35
463,Adama Traoré\Adama-Traore,es ESP,FWDF,Wolves,9.9,1,0,0,19,7,0,36.8,1.92,0.71,0.05,0.14
464,Mark Travers\Mark-Travers,ie IRL,GK,Bournemouth,2,0,0,0,0,0,0,,0,0,,
465,Kieran Trippier\Kieran-Trippier,eng ENG,DF,Tottenham,25.3,1,0,0,8,3,4,37.5,0.32,0.12,0.13,0.33
466,Antonio Valencia\Antonio-Valencia,ec ECU,DFMF,Manchester Utd,5.2,0,0,0,2,0,0,0,0.39,0,0,
467,Yan Valery\Yan-Valery,fr FRA,DFMF,Southampton,19,2,0,0,6,5,0,83.3,0.32,0.26,0.33,0.4
468,Jamie Vardy\Jamie-Vardy,eng ENG,FW,Leicester City,30.4,18,4,5,75,32,0,42.7,2.47,1.05,0.19,0.44
469,Jan Vertonghen\Jan-Vertonghen,be BEL,DF,Tottenham,21.3,1,0,0,16,2,0,12.5,0.75,0.09,0.06,0.5
470,Jannik Vestergaard\Jannik-Vestergaard,dk DEN,DF,Southampton,22.6,0,0,0,13,1,1,7.7,0.58,0.04,0,0
471,Luciano Vietto\Luciano-Vietto,ar ARG,FWMF,Fulham,10.9,1,0,0,24,8,0,33.3,2.19,0.73,0.04,0.13
472,Rúben Vinagre\Ruben-Vinagre,pt POR,DFMF,Wolves,7.8,0,0,0,5,4,0,80,0.64,0.51,0,0
473,Sam Vokes\Sam-Vokes,wal WAL,FW,Burnley,10.1,3,0,0,23,7,0,30.4,2.27,0.69,0.13,0.43
474,Michel Vorm\Michel-Vorm,nl NED,GK,Tottenham,2,0,0,0,0,0,0,,0,0,,
475,Matěj Vydra\Matej-Vydra,cz CZE,FWMF,Burnley,3.5,1,0,0,6,3,0,50,1.74,0.87,0.17,0.33
476,Theo Walcott\Theo-Walcott,eng ENG,FWMF,Everton,23.6,5,0,0,43,21,0,48.8,1.82,0.89,0.12,0.24
477,Kyle Walker\Kyle-Walker,eng ENG,DF,Manchester City,30.9,1,0,0,20,3,1,15,0.65,0.1,0.05,0.33
478,Kyle Walker-Peters\Kyle-Walker-Peters,eng ENG,DF,Tottenham,4.2,0,0,0,2,0,0,0,0.48,0,0,
479,Aaron Wan-Bissaka\Aaron-Wan-Bissaka,eng ENG,DF,Crystal Palace,34.8,0,0,0,9,0,0,0,0.26,0,0,
480,Victor Wanyama\Victor-Wanyama,ke KEN,MF,Tottenham,5.7,1,0,0,7,2,0,28.6,1.23,0.35,0.14,0.5
481,Danny Ward\Danny-Ward,eng ENG,FW,Cardiff City,4.9,1,0,0,12,7,0,58.3,2.45,1.43,0.08,0.14
482,Joel Ward\Joel-Ward,eng ENG,DF,Crystal Palace,6.1,1,0,0,2,1,0,50,0.33,0.16,0.5,1
483,Stephen Ward\Stephen-Ward,ie IRL,DF,Burnley,2.6,0,0,0,1,1,0,100,0.39,0.39,0,0
484,James Ward-Prowse\James-Ward-Prowse,eng ENG,MFDF,Southampton,21.6,7,1,1,30,14,7,46.7,1.39,0.65,0.2,0.43
485,Danny Welbeck\Danny-Welbeck,eng ENG,FWMF,Arsenal,1.6,1,0,0,4,2,0,50,2.45,1.22,0.25,0.5
486,Ashley Westwood\Ashley-Westwood,eng ENG,MF,Burnley,31.4,2,0,0,22,7,1,31.8,0.7,0.22,0.09,0.29
487,Connor Wickham\Connor-Wickham,eng ENG,FW,Crystal Palace,0.7,0,0,0,5,1,0,20,7.38,1.48,0,0
488,Georginio Wijnaldum\Georginio-Wijnaldum,nl NED,MF,Liverpool,30.4,3,0,0,30,8,0,26.7,0.99,0.26,0.1,0.38
489,Danny Williams\Danny-Williams,us USA,MF,Huddersfield,1,0,0,0,1,0,0,0,0.97,0,0,
490,Willian\Willian,br BRA,FW,Chelsea,23.4,3,0,0,62,22,8,35.5,2.65,0.94,0.05,0.14
491,Joe Willock\Joe-Willock,eng ENG,MF,Arsenal,0.7,0,0,0,2,0,0,0,2.81,0,0,
492,Ben Wilmot\Ben-Wilmot,eng ENG,MF,Watford,0.3,0,0,0,0,0,0,,0,0,,
493,Jack Wilshere\Jack-Wilshere,eng ENG,MF,West Ham,4.3,0,0,0,2,1,0,50,0.46,0.23,0,0
494,Callum Wilson\Callum-Wilson,eng ENG,FW,Bournemouth,28.2,14,1,2,63,27,0,42.9,2.24,0.96,0.21,0.48
495,Harry Winks\Harry-Winks,eng ENG,MF,Tottenham,17.7,1,0,0,9,2,0,22.2,0.51,0.11,0.11,0.5
496,Chris Wood\Chris-Wood,nz NZL,FW,Burnley,28.8,10,0,0,58,23,0,39.7,2.01,0.8,0.17,0.43
497,Granit Xhaka\Granit-Xhaka,ch SUI,MFDF,Arsenal,27.8,4,0,0,30,11,7,36.7,1.08,0.4,0.13,0.36
498,Andriy Yarmolenko\Andriy-Yarmolenko,ua UKR,FWMF,West Ham,5.1,2,0,0,9,3,0,33.3,1.76,0.59,0.22,0.67
499,DeAndre Yedlin\DeAndre-Yedlin,us USA,DF,Newcastle Utd,27.5,1,0,0,11,2,0,18.2,0.4,0.07,0.09,0.5
500,Maya Yoshida\Maya-Yoshida,jp JPN,DF,Southampton,16.9,0,0,0,13,3,0,23.1,0.77,0.18,0,0
501,Ashley Young\Ashley-Young,eng ENG,DF,Manchester Utd,28.5,2,0,0,12,3,2,25,0.42,0.11,0.17,0.67
502,Pablo Zabaleta\Pablo-Zabaleta,ar ARG,DF,West Ham,23.2,0,0,0,7,1,0,14.3,0.3,0.04,0,0
503,Wilfried Zaha\Wilfried-Zaha,ci CIV,FW,Crystal Palace,33.8,10,0,0,79,30,0,38,2.34,0.89,0.13,0.33
504,Andre-Frank Zambo Anguissa\Andre-Frank-Zambo-Anguissa,cm CMR,MF,Fulham,16.9,0,0,0,20,5,0,25,1.19,0.3,0,0
505,Davide Zappacosta\Davide-Zappacosta,it ITA,DF,Chelsea,1.4,0,0,0,2,1,0,50,1.44,0.72,0,0
506,Oleksandr Zinchenko\Oleksandr-Zinchenko,ua UKR,DF,Manchester City,12.8,0,0,0,7,1,0,14.3,0.55,0.08,0,0
507,Kenneth Zohore\Kenneth-Zohore,dk DEN,FW,Cardiff City,8.3,1,0,0,17,7,0,41.2,2.05,0.84,0.06,0.14
508,Kurt Zouma\Kurt-Zouma,fr FRA,DF,Everton,29,2,0,0,17,4,0,23.5,0.59,0.14,0.12,0.5
